id,empresa_id,cuenta_codigo,nro_subcuenta,rubro,rubro_nom,descripcion,tipo_asiento,nro_asiento,fecha,debe,haber,ingreso,egreso,cash
1,1,1390,3878,03-CREDITOS POR VENTAS,03-CREDITOS POR VENTAS,ALQ. LAP. 416 6E A CTA. 07xxxx2026 + INT.,22,1,2026-08-03,0.0,-113000.0,-113000.0,0.0,SI
2,1,1393,649,01-CUENTAS POR PAGAR,01-CUENTAS POR PAGAR,ALQ. LAP. 416 6E A CTA. 07xxxx2026 + INT.,22,1,2026-08-03,0.0,-87000.0,-87000.0,0.0,SI
3,1,1,,01-DISPONIBILIDADES,01-DISPONIBILIDADES,ALQ. LAP. 416 6E A CTA. 07xxxx2026 + INT.,22,1,2026-08-03,200000.0,0.0,0.0,200000.0,SI
4,1,1390,4004,03-CREDITOS POR VENTAS,03-CREDITOS POR VENTAS,Alq Bs As 575 2 E 082026 Trans 03082026,22,2,2026-08-03,0.0,-120000.0,-120000.0,0.0,SI
5,1,1393,4065,01-CUENTAS POR PAGAR,01-CUENTAS POR PAGAR,Alq Bs As 575 2 E 082026 Trans 03082026,22,2,2026-08-03,360000.0,0.0,0.0,360000.0,SI
6,1,1390,4391,03-CREDITOS POR VENTAS,03-CREDITOS POR VENTAS,ALQ. GRAL. PAZ 223 5C 08xxxx2026,22,3,2026-08-03,0.0,-86000.0,-86000.0,0.0,SI
7,1,1,,01-DISPONIBILIDADES,01-DISPONIBILIDADES,ALQ. GRAL. PAZ 223 5C 08xxxx2026,22,3,2026-08-03,356000.0,0.0,0.0,356000.0,SI
8,1,1390,4493,03-CREDITOS POR VENTAS,03-CREDITOS POR VENTAS,Alq Bs As 575 7 A 082026 - Trans 03082026,22,4,2026-08-03,0.0,-270000.0,-270000.0,0.0,SI
9,1,1393,4065,01-CUENTAS POR PAGAR,01-CUENTAS POR PAGAR,Alq Bs As 575 7 A 082026 - Trans 03082026,22,4,2026-08-03,270000.0,0.0,0.0,270000.0,SI
10,1,1390,3258,03-CREDITOS POR VENTAS,03-CREDITOS POR VENTAS,ALQ. BCE. 373 5D 08xxxx2026,22,5,2026-08-03,0.0,-50000.0,-50000.0,0.0,SI
11,1,1,,01-DISPONIBILIDADES,01-DISPONIBILIDADES,ALQ. BCE. 373 5D 08xxxx2026,22,5,2026-08-03,470000.0,0.0,0.0,470000.0,SI
12,1,1391,4219,03-CREDITOS POR VENTAS,03-CREDITOS POR VENTAS,ALQ. LAP. 416 1E DIF. DEP. GTÍA+ INT. 07xxxx2026 + A CTA. 07xxxx2026,22,6,2026-08-03,0.0,-240000.0,-240000.0,0.0,SI
13,1,1390,4219,03-CREDITOS POR VENTAS,03-CREDITOS POR VENTAS,ALQ. LAP. 416 1E DIF. DEP. GTÍA+ INT. 07xxxx2026 + A CTA. 07xxxx2026,22,6,2026-08-03,0.0,-24000.0,-24000.0,0.0,SI
14,1,1393,649,01-CUENTAS POR PAGAR,01-CUENTAS POR PAGAR,ALQ. LAP. 416 1E DIF. DEP. GTÍA+ INT. 06xxxx2026 + SDO. 06xxxx2026 + INT. 07xxxx2026 + A CTA. 07xxxx2026,22,6,2026-08-03,0.0,-5000.0,-5000.0,0.0,SI
15,1,1,,01-DISPONIBILIDADES,01-DISPONIBILIDADES,ALQ. LAP. 416 1E DIF. DEP. GTÍA+ INT. 06xxxx2026 + SDO. 06xxxx2026 + INT. 07xxxx2026 + A CTA. 07xxxx2026,22,6,2026-08-03,700000.0,0.0,0.0,700000.0,SI
16,1,3868,4536,03-CREDITOS POR VENTAS,03-CREDITOS POR VENTAS,PRADOS DEL LIB. E.L II L. 12 A CTA. ANTICIPO (TRANSF. CTA. E.L),22,7,2026-08-03,0.0,-50000.0,-50000.0,0.0,SI
17,1,1,,01-DISPONIBILIDADES,01-DISPONIBILIDADES,PRADOS DEL LIB. E.L II L. 12 A CTA. ANTICIPO (TRANSF. CTA. E.L),22,7,2026-08-03,50000.0,0.0,0.0,50000.0,SI
18,1,1393,4528,01-CUENTAS POR PAGAR,01-CUENTAS POR PAGAR,A CTA. ESCRITURA LAP. 416 1C,32,1,2026-08-03,400000.0,0.0,0.0,400000.0,SI
19,1,1,,01-DISPONIBILIDADES,01-DISPONIBILIDADES,A CTA. ESCRITURA LAP. 416 1C,32,1,2026-08-03,0.0,-400000.0,-400000.0,0.0,SI
20,1,1393,624,01-CUENTAS POR PAGAR,01-CUENTAS POR PAGAR,BS.AS 575 9C ANAFE,32,2,2026-08-03,28000.0,0.0,0.0,28000.0,SI
21,1,1,,01-DISPONIBILIDADES,01-DISPONIBILIDADES,BS.AS 575 9C ANAFE,32,2,2026-08-03,0.0,-28000.0,-28000.0,0.0,SI
22,1,15,110,03-CREDITOS POR VENTAS,03-CREDITOS POR VENTAS,CH. CHICCO PxxxxO.P 23144 EMI NORFORK BANCO SUCREDITO REG S.A.U.,41,1,2026-08-03,0.0,-615143.6,-615143.6,0.0,SI
23,1,3600,,01-DISPONIBILIDADES,01-DISPONIBILIDADES,CH. CHICCO PxxxxO.P 23144 EMI NORFORK,41,1,2026-08-03,677703.31,0.0,0.0,677703.31,SI
24,1,1390,4527,03-CREDITOS POR VENTAS,03-CREDITOS POR VENTAS,ALQ. LAP. 416 1C 08xxxx2026,22,1,2026-08-04,0.0,-420000.0,-420000.0,0.0,SI
25,1,1390,4234,03-CREDITOS POR VENTAS,03-CREDITOS POR VENTAS,ALQ. BOLIVAR 845 4A 08xxxx2026,22,2,2026-08-04,0.0,-350000.0,-350000.0,0.0,SI
26,1,1,,01-DISPONIBILIDADES,01-DISPONIBILIDADES,ALQ. BOLIVAR 845 4A 08xxxx2026,22,2,2026-08-04,350000.0,0.0,0.0,350000.0,SI
27,1,1390,2665,03-CREDITOS POR VENTAS,03-CREDITOS POR VENTAS,ALQ. S.L 515 2B 08xxxx2026,22,3,2026-08-04,0.0,-128000.0,-128000.0,0.0,SI
28,1,1390,4524,03-CREDITOS POR VENTAS,03-CREDITOS POR VENTAS,ALQ. BS.AS 575 1C 08xxxx2026,22,4,2026-08-04,0.0,-330000.0,-330000.0,0.0,SI
29,1,1,,01-DISPONIBILIDADES,01-DISPONIBILIDADES,ALQ. BS.AS 575 1C 08xxxx2026,22,4,2026-08-04,330000.0,0.0,0.0,330000.0,SI
30,1,1390,4519,03-CREDITOS POR VENTAS,03-CREDITOS POR VENTAS,ALQ. BS.AS 575 7F 08xxxx2026,22,5,2026-08-04,0.0,-250000.0,-250000.0,0.0,SI
31,1,1390,4229,03-CREDITOS POR VENTAS,03-CREDITOS POR VENTAS,ALQ. GRAL. PAZ 253 4C 08xxxx2026,22,6,2026-08-04,0.0,-400000.0,-400000.0,0.0,SI
32,1,80,469,04-OTROS CREDITOS,04-OTROS CREDITOS,RINDE A.W TRANSF LOTE P. DEL LIB DEL 30xxxx07xxxx2026,22,7,2026-08-04,0.0,-50000.0,-50000.0,0.0,SI
33,1,1390,4283,03-CREDITOS POR VENTAS,03-CREDITOS POR VENTAS,ALQ. MUÑ. 485 TORRE 2 6B 08xxxx2026,22,8,2026-08-04,0.0,-100000.0,-100000.0,0.0,SI
34,1,1,,01-DISPONIBILIDADES,01-DISPONIBILIDADES,ALQ. MUÑ. 485 TORRE 2 6B 08xxxx2026,22,8,2026-08-04,280000.0,0.0,0.0,280000.0,SI
35,1,1390,4490,03-CREDITOS POR VENTAS,03-CREDITOS POR VENTAS,ALQ. GRAL. PAZ 253 4A 08xxxx2026,22,9,2026-08-04,0.0,-380000.0,-380000.0,0.0,SI
36,1,1,,01-DISPONIBILIDADES,01-DISPONIBILIDADES,ALQ. GRAL. PAZ 253 4A 08xxxx2026,22,9,2026-08-04,380000.0,0.0,0.0,380000.0,SI
37,1,1390,110,03-CREDITOS POR VENTAS,03-CREDITOS POR VENTAS,ALQ. 24 SEP. 194 LOCAL A CTA. 07xxxx2026,22,10,2026-08-04,0.0,-1100000.0,-1100000.0,0.0,SI
38,1,1,,01-DISPONIBILIDADES,01-DISPONIBILIDADES,ALQ. 24 SEP. 194 LOCAL A CTA. 07xxxx2026,22,10,2026-08-04,700000.0,0.0,0.0,700000.0,SI
39,1,1390,4364,03-CREDITOS POR VENTAS,03-CREDITOS POR VENTAS,Alq Bs As 575 6 D 082026 A cuenta - Trans 31072026,22,11,2026-08-04,0.0,-119000.0,-119000.0,0.0,SI
40,1,1393,1730,01-CUENTAS POR PAGAR,01-CUENTAS POR PAGAR,Alq Bs As 575 6 D 082026 A cuenta - Trans 31072026,22,11,2026-08-04,320000.0,0.0,0.0,320000.0,SI
41,1,1390,4139,03-CREDITOS POR VENTAS,03-CREDITOS POR VENTAS,ALQ. S.L 987 4G 08xxxx2026,22,12,2026-08-04,0.0,-85000.0,-85000.0,0.0,SI
42,1,1,,01-DISPONIBILIDADES,01-DISPONIBILIDADES,ALQ. S.L 987 4G 08xxxx2026,22,12,2026-08-04,355000.0,0.0,0.0,355000.0,SI
43,1,3867,4266,03-CREDITOS POR VENTAS,03-CREDITOS POR VENTAS,PRADOS DEL LIB. L. 41 SDO. 04xxxx2026 + INT. 04xxxx2026 + INT. 05xxxx2026 + A CTA 05xxxx2026,22,13,2026-08-04,0.0,-157000.0,-157000.0,0.0,SI
44,1,1568,,01-RESULTADO ACTIVIDADES,01-RESULTADO ACTIVIDADES,PRADOS DEL LIB. L. 41 SDO. 04xxxx2026 + INT. 04xxxx2026 + INT. 05xxxx2026 + A CTA 05xxxx2026,22,13,2026-08-04,0.0,-49000.0,-49000.0,0.0,SI
45,1,1,,01-DISPONIBILIDADES,01-DISPONIBILIDADES,PRADOS DEL LIB. L. 41 SDO. 04xxxx2026 + INT. 04xxxx2026 + INT. 05xxxx2026 + A CTA 05xxxx2026,22,13,2026-08-04,400000.0,0.0,0.0,400000.0,SI
46,1,1393,649,01-CUENTAS POR PAGAR,01-CUENTAS POR PAGAR,LAP. 416 6A SDO. JORGE CBIO. BAÑERA,32,1,2026-08-04,205000.0,0.0,0.0,205000.0,SI
47,1,1393,649,01-CUENTAS POR PAGAR,01-CUENTAS POR PAGAR,CISI 5-6-7xxxx2026 Laprida 416 1C - Rend. Marcelo 04xxxx08xxxx2026,43,3,2026-08-04,12980.91,0.0,0.0,12980.91,SI
48,1,1344,4515,01-CUENTAS POR PAGAR,01-CUENTAS POR PAGAR,Rend. Marcelo 04xxxx08xxxx2026,43,3,2026-08-04,53200.0,0.0,0.0,53200.0,SI
49,1,3600,,01-DISPONIBILIDADES,01-DISPONIBILIDADES,Rend. Marcelo 04xxxx08xxxx2026,43,3,2026-08-04,0.0,-174168.45,-174168.45,0.0,SI
50,1,1390,4461,03-CREDITOS POR VENTAS,03-CREDITOS POR VENTAS,Alq Bs As 575 2 A 082026 Trans 05082026,22,1,2026-08-05,0.0,-27000.0,-27000.0,0.0,SI
51,1,1393,4065,01-CUENTAS POR PAGAR,01-CUENTAS POR PAGAR,Alq Bs As 575 2 A 082026 Trans 05082026,22,1,2026-08-05,277000.0,0.0,0.0,277000.0,SI
52,1,1390,4459,03-CREDITOS POR VENTAS,03-CREDITOS POR VENTAS,ALQ. BS.AS 575 6E 08xxxx2026,22,2,2026-08-05,0.0,-30000.0,-30000.0,0.0,SI
53,1,1390,4464,03-CREDITOS POR VENTAS,03-CREDITOS POR VENTAS,ALQ. BS.AS 575 7B 08xxxx2026,22,3,2026-08-05,0.0,-36000.0,-36000.0,0.0,SI
54,1,1390,4345,03-CREDITOS POR VENTAS,03-CREDITOS POR VENTAS,ALQ. BS.AS 575 3B 08xxxx2026,22,4,2026-08-05,0.0,-98000.0,-98000.0,0.0,SI
55,1,1390,4466,03-CREDITOS POR VENTAS,03-CREDITOS POR VENTAS,U$1.100 ALQ. #300 2A + COCH. 35 08xxxx2026 + A CTA .09xxxx2026,22,5,2026-08-05,0.0,-75000.0,-75000.0,0.0,SI
56,1,2,,01-DISPONIBILIDADES,01-DISPONIBILIDADES,U$1.100 ALQ. #300 2A + COCH. 35 08xxxx2026 + A CTA .09xxxx2026,22,5,2026-08-05,1691800.0,0.0,0.0,1691800.0,SI
57,1,1390,4420,03-CREDITOS POR VENTAS,03-CREDITOS POR VENTAS,ALQ. #300 3E + COCH. 37 08xxxx2026,22,6,2026-08-05,0.0,-158000.0,-158000.0,0.0,SI
58,1,1390,4390,03-CREDITOS POR VENTAS,03-CREDITOS POR VENTAS,ALQ. SGO. 711 3C 08xxxx2026,22,7,2026-08-05,0.0,-96000.0,-96000.0,0.0,SI
59,1,1390,4373,03-CREDITOS POR VENTAS,03-CREDITOS POR VENTAS,ALQ. BS.AS 575 3C 08xxxx2026,22,8,2026-08-05,0.0,-82000.0,-82000.0,0.0,SI
60,1,1390,4456,03-CREDITOS POR VENTAS,03-CREDITOS POR VENTAS,ALQ. BS.AS 575 5G 08xxxx2026,22,9,2026-08-05,0.0,-22000.0,-22000.0,0.0,SI
61,1,1390,4504,03-CREDITOS POR VENTAS,03-CREDITOS POR VENTAS,ALQ. LAP. 416 1B 08xxxx2026,22,10,2026-08-05,0.0,-450000.0,-450000.0,0.0,SI
62,1,1390,4476,03-CREDITOS POR VENTAS,03-CREDITOS POR VENTAS,Alq MP 888 8 D 082026 - Trans 05082026,22,11,2026-08-05,0.0,-48000.0,-48000.0,0.0,SI
63,1,1393,1238,01-CUENTAS POR PAGAR,01-CUENTAS POR PAGAR,Alq MP 888 8 D 082026 - Trans 05082026,22,11,2026-08-05,448000.0,0.0,0.0,448000.0,SI
64,1,3868,4538,03-CREDITOS POR VENTAS,03-CREDITOS POR VENTAS,PRADOS DEL LIB. E.L II L.44 A CTA. ANTICIPO (TRANSF.ANDREA D.),22,12,2026-08-05,0.0,-50000.0,-50000.0,0.0,SI
65,1,1390,4106,03-CREDITOS POR VENTAS,03-CREDITOS POR VENTAS,ALQ. LAP. 416 5C 08xxxx2026,22,13,2026-08-05,0.0,-55000.0,-55000.0,0.0,SI
66,1,1390,4474,03-CREDITOS POR VENTAS,03-CREDITOS POR VENTAS,Alq Bs As 575 4 G 082026 Trans 05082026,22,14,2026-08-05,0.0,-24000.0,-24000.0,0.0,SI
67,1,1393,1730,01-CUENTAS POR PAGAR,01-CUENTAS POR PAGAR,Alq Bs As 575 4 G 082026 Trans 05082026,22,14,2026-08-05,224000.0,0.0,0.0,224000.0,SI
68,1,1390,4477,03-CREDITOS POR VENTAS,03-CREDITOS POR VENTAS,ALQ. S.L 987 13G 08xxxx2026,22,15,2026-08-05,0.0,-25000.0,-25000.0,0.0,SI
69,1,1,,01-DISPONIBILIDADES,01-DISPONIBILIDADES,ALQ. S.L 987 13G 08xxxx2026,22,15,2026-08-05,305000.0,0.0,0.0,305000.0,SI
70,1,1390,3690,03-CREDITOS POR VENTAS,03-CREDITOS POR VENTAS,Alq Bs As 575 2 G 082026 - Trans 31072026,22,16,2026-08-05,0.0,-79000.0,-79000.0,0.0,SI
71,1,1393,1730,01-CUENTAS POR PAGAR,01-CUENTAS POR PAGAR,Alq Bs As 575 2 G 082026 - Trans 31072026,22,16,2026-08-05,239000.0,0.0,0.0,239000.0,SI
72,1,1390,3878,03-CREDITOS POR VENTAS,03-CREDITOS POR VENTAS,ALQ. LAP. 416 6 E SDO. 07xxxx2026,22,17,2026-08-05,0.0,-337000.0,-337000.0,0.0,SI
73,1,1,,01-DISPONIBILIDADES,01-DISPONIBILIDADES,ALQ. LAP. 416 6 E SDO. 07xxxx2026,22,17,2026-08-05,337000.0,0.0,0.0,337000.0,SI
74,1,1390,4478,03-CREDITOS POR VENTAS,03-CREDITOS POR VENTAS,ALQ. SO. 711 1B 08xxxx2026,22,18,2026-08-05,0.0,-45000.0,-45000.0,0.0,SI
75,1,1,,01-DISPONIBILIDADES,01-DISPONIBILIDADES,ALQ. SO. 711 1B 08xxxx2026,22,18,2026-08-05,425000.0,0.0,0.0,425000.0,SI
76,1,1344,2118,01-CUENTAS POR PAGAR,01-CUENTAS POR PAGAR,JUNIN 616 8B MANO DE OBRA ARREGLO BAÑERA ($440.000) Y RETIRO DE ESCOMBROS $60.000,22,19,2026-08-05,0.0,-500000.0,-500000.0,0.0,SI
77,1,1,,01-DISPONIBILIDADES,01-DISPONIBILIDADES,JUNIN 616 8B MANO DE OBRA ARREGLO BAÑERA ($440.000) Y RETIRO DE ESCOMBROS $60.000,22,19,2026-08-05,500000.0,0.0,0.0,500000.0,SI
78,1,3867,4532,03-CREDITOS POR VENTAS,03-CREDITOS POR VENTAS,PRADOS DEL LIB. A.W III L. 12 A CTA. ANTICIPO,22,20,2026-08-05,0.0,-2000000.0,-2000000.0,0.0,SI
79,1,1,,01-DISPONIBILIDADES,01-DISPONIBILIDADES,PRADOS DEL LIB. A.W III L. 12 A CTA. ANTICIPO,22,20,2026-08-05,2000000.0,0.0,0.0,2000000.0,SI
80,1,78,4397,04-OTROS CREDITOS,04-OTROS CREDITOS,CERT. FIRMAS COLOMBRES,32,1,2026-08-05,52500.0,0.0,0.0,52500.0,SI
81,1,3855,,02-GASTOS DE ESTRUCUTURA,02-GASTOS DE ESTRUCUTURA,DEV. R.W ALQ. 24 SEP. 194 LOCAL,32,2,2026-08-05,0.0,-2.0,-2.0,0.0,SI
82,1,1393,1635,01-CUENTAS POR PAGAR,01-CUENTAS POR PAGAR,LIQ. PROP. VIRGINIA NOUGUES 07xxxx2026,32,3,2026-08-05,225746.03,0.0,0.0,225746.03,SI
83,1,1,,01-DISPONIBILIDADES,01-DISPONIBILIDADES,LIQ. PROP. VIRGINIA NOUGUES 07xxxx2026,32,3,2026-08-05,0.0,-225700.0,-225700.0,0.0,SI
84,1,3855,,02-GASTOS DE ESTRUCUTURA,02-GASTOS DE ESTRUCUTURA,LIQ. PROP. VIRGINIA NOUGUES 07xxxx2026,32,3,2026-08-05,0.0,-46.03,-46.03,0.0,SI
85,1,1344,2118,01-CUENTAS POR PAGAR,01-CUENTAS POR PAGAR,JORGE LIZARRAGA JUNIN 616 8B M.O $440.000 ARREGLO BAÑERAxxxx$60.000RET. ESCOMBROS,32,4,2026-08-05,500000.0,0.0,0.0,500000.0,SI
86,1,1,,01-DISPONIBILIDADES,01-DISPONIBILIDADES,JORGE LIZARRAGA JUNIN 616 8B M.O $440.000 ARREGLO BAÑERAxxxx$60.000RET. ESCOMBROS,32,4,2026-08-05,0.0,-500000.0,-500000.0,0.0,SI
87,1,1393,1730,01-CUENTAS POR PAGAR,01-CUENTAS POR PAGAR,IIBB ML - Rend. Marcelo 05xxxx08xxxx2026,43,2,2026-08-05,237600.0,0.0,0.0,237600.0,SI
88,1,3600,,01-DISPONIBILIDADES,01-DISPONIBILIDADES,Rend. Marcelo 05xxxx08xxxx2026,43,2,2026-08-05,0.0,-237600.0,-237600.0,0.0,SI
89,1,1390,4508,03-CREDITOS POR VENTAS,03-CREDITOS POR VENTAS,ALQ. LAP. 416 2D 08xxxx2026,22,1,2026-08-06,0.0,-420000.0,-420000.0,0.0,SI
90,1,1390,4251,03-CREDITOS POR VENTAS,03-CREDITOS POR VENTAS,ALQ. BOLIVAR 845 4B 08xxxx2026 + SELLADO,22,2,2026-08-06,0.0,-330000.0,-330000.0,0.0,SI
91,1,1344,4251,01-CUENTAS POR PAGAR,01-CUENTAS POR PAGAR,ALQ. BOLIVAR 845 4B 08xxxx2026 + SELLADO,22,2,2026-08-06,0.0,-53200.0,-53200.0,0.0,SI
92,1,1390,4473,03-CREDITOS POR VENTAS,03-CREDITOS POR VENTAS,ALQ. BS.AS 575 9A 08xxxx2026,22,3,2026-08-06,0.0,-30000.0,-30000.0,0.0,SI
93,1,1390,4365,03-CREDITOS POR VENTAS,03-CREDITOS POR VENTAS,Alq Bs As 575 8 A 082026 Trans 05082026,22,5,2026-08-06,0.0,-109000.0,-109000.0,0.0,SI
94,1,1393,3438,01-CUENTAS POR PAGAR,01-CUENTAS POR PAGAR,Alq Bs As 575 8 A 082026 Trans 05082026,22,5,2026-08-06,329000.0,0.0,0.0,329000.0,SI
95,1,1390,4292,03-CREDITOS POR VENTAS,03-CREDITOS POR VENTAS,ALQ. #300 3A + COCH. 39 08xxxx2026,22,6,2026-08-06,0.0,-341000.0,-341000.0,0.0,SI
96,1,347,3803,03-CREDITOS POR VENTAS,03-CREDITOS POR VENTAS,S.L 515 5A SDO. 06xxxx2026 (U$1.050) + 07xxxx2026 (U$3.000) + A CTA. 08xxxx2026 (U$450),22,7,2026-08-06,0.0,-1501500.0,-1501500.0,0.0,SI
97,1,2,,01-DISPONIBILIDADES,01-DISPONIBILIDADES,S.L 515 5A SDO. 06xxxx2026 (U$1.050) + 07xxxx2026 (U$3.000) + A CTA. 08xxxx2026 (U$450),22,7,2026-08-06,6435000.0,0.0,0.0,6435000.0,SI
98,1,1390,4351,03-CREDITOS POR VENTAS,03-CREDITOS POR VENTAS,ALQ. S.L 987 4B 08xxxx2026,22,8,2026-08-06,0.0,-98000.0,-98000.0,0.0,SI
99,1,1390,4541,03-CREDITOS POR VENTAS,03-CREDITOS POR VENTAS,ALQ. MAIPU 605 5C 1xxxx2 MES 08xxxx2026 + DEP. GTÍA + 50% GTOS. ADM. + SELLADO,22,9,2026-08-06,0.0,-200000.0,-200000.0,0.0,SI
100,1,1391,4541,03-CREDITOS POR VENTAS,03-CREDITOS POR VENTAS,ALQ. MAIPU 605 5C 1xxxx2 MES 08xxxx2026 + DEP. GTÍA + 50% GTOS. ADM. + SELLADO,22,9,2026-08-06,0.0,-400000.0,-400000.0,0.0,SI
101,1,1347,4541,03-CREDITOS POR VENTAS,03-CREDITOS POR VENTAS,ALQ. MAIPU 605 5C 1xxxx2 MES 08xxxx2026 + DEP. GTÍA + 50% GTOS. ADM. + SELLADO,22,9,2026-08-06,0.0,-200000.0,-200000.0,0.0,SI
102,1,1344,4541,01-CUENTAS POR PAGAR,01-CUENTAS POR PAGAR,ALQ. MAIPU 605 5C 1xxxx2 MES 08xxxx2026 + DEP. GTÍA + 50% GTOS. ADM. + SELLADO,22,9,2026-08-06,0.0,-61600.0,-61600.0,0.0,SI
103,1,1390,4472,03-CREDITOS POR VENTAS,03-CREDITOS POR VENTAS,ALQ. LAP. 416 6A 08xxxx2026,22,10,2026-08-06,0.0,-50000.0,-50000.0,0.0,SI
104,1,1822,4434,03-CREDITOS POR VENTAS,03-CREDITOS POR VENTAS,PRADO DEL LIB. L. 21 08xxxx2026,22,11,2026-08-06,0.0,-682000.0,-682000.0,0.0,SI
105,1,1,,01-DISPONIBILIDADES,01-DISPONIBILIDADES,PRADO DEL LIB. L. 21 08xxxx2026,22,11,2026-08-06,682000.0,0.0,0.0,682000.0,SI
106,1,1390,4311,03-CREDITOS POR VENTAS,03-CREDITOS POR VENTAS,ALQ. S.L 603 UNID. 3  LOCAL SDO. 06xxxx2026 + INT. 06xxxx2026 + 07xxxx2026 + INT. 07xxxx2026,22,12,2026-08-06,0.0,-5000.0,-5000.0,0.0,SI
107,1,1393,624,01-CUENTAS POR PAGAR,01-CUENTAS POR PAGAR,ALQ. S.L 603 UNID. 3  LOCAL SDO. 06xxxx2026 + INT. 06xxxx2026 + 07xxxx2026 + INT. 07xxxx2026,22,12,2026-08-06,0.0,-1000.0,-1000.0,0.0,SI
108,1,1390,3984,03-CREDITOS POR VENTAS,03-CREDITOS POR VENTAS,ALQ. BS.A 575 6B 08xxxx2026,22,13,2026-08-06,0.0,-98000.0,-98000.0,0.0,SI
109,1,1390,3575,03-CREDITOS POR VENTAS,03-CREDITOS POR VENTAS,ALQ. CORR. 133 1C 08xxxx2026 + CISI,22,14,2026-08-06,0.0,-400000.0,-400000.0,0.0,SI
110,1,1,,01-DISPONIBILIDADES,01-DISPONIBILIDADES,ALQ. CORR. 133 1C 08xxxx2026 + CISI,22,14,2026-08-06,405400.0,0.0,0.0,405400.0,SI
111,1,1393,1425,01-CUENTAS POR PAGAR,01-CUENTAS POR PAGAR,ALQ. CORR. 133 1C RED. 08xxxx2026 + CISI,22,14,2026-08-06,0.0,-32.0,-32.0,0.0,SI
112,1,1390,4119,03-CREDITOS POR VENTAS,03-CREDITOS POR VENTAS,ALQ. MUÑ. 485 6A TORRE 2 08xxxx2026,22,15,2026-08-06,0.0,-197000.0,-197000.0,0.0,SI
113,1,1390,4284,03-CREDITOS POR VENTAS,03-CREDITOS POR VENTAS,ALQ. MONT. 847 2D 08xxxx2026,22,16,2026-08-06,0.0,-89000.0,-89000.0,0.0,SI
114,1,1,,01-DISPONIBILIDADES,01-DISPONIBILIDADES,ALQ. MONT. 847 2D 08xxxx2026,22,16,2026-08-06,249000.0,0.0,0.0,249000.0,SI
115,1,1390,4411,03-CREDITOS POR VENTAS,03-CREDITOS POR VENTAS,ALQ. LAP. 416 5D 08xxxx2026,22,17,2026-08-06,0.0,-110000.0,-110000.0,0.0,SI
116,1,1390,3919,03-CREDITOS POR VENTAS,03-CREDITOS POR VENTAS,ALQ. V.M 46 5B 08xxxx2026 + CISI,22,18,2026-08-06,0.0,-100000.0,-100000.0,0.0,SI
117,1,1393,3964,01-CUENTAS POR PAGAR,01-CUENTAS POR PAGAR,ALQ. V.M 46 5B 08xxxx2026 + CISI,22,18,2026-08-06,26.0,0.0,0.0,26.0,SI
118,1,1393,624,01-CUENTAS POR PAGAR,01-CUENTAS POR PAGAR,S.L 515 3A SDO. TRABAJO ALACENA,32,1,2026-08-06,120000.0,0.0,0.0,120000.0,SI
119,1,1904,649,01-CUENTAS POR PAGAR,01-CUENTAS POR PAGAR,U$4.500 DEV. S.L 515 5A COBRO JOSE VEGA,32,2,2026-08-06,6435000.0,0.0,0.0,6435000.0,SI
120,1,2,,01-DISPONIBILIDADES,01-DISPONIBILIDADES,U$4.500 DEV. S.L 515 5A COBRO JOSE VEGA,32,2,2026-08-06,0.0,-6435000.0,-6435000.0,0.0,SI
121,1,1393,649,01-CUENTAS POR PAGAR,01-CUENTAS POR PAGAR,Exp. 08xxxx26 Balcarce 375 PB A - Rend. Marcelo 06xxxx08xxxx2026,43,2,2026-08-06,81500.0,0.0,0.0,81500.0,SI
122,1,1393,624,01-CUENTAS POR PAGAR,01-CUENTAS POR PAGAR,Exp. 08xxxx2026 Maipu 605 1 ABC - Rend. Marcelo 06xxxx08xxxx2026,43,2,2026-08-06,144953.69,0.0,0.0,144953.69,SI
123,1,3855,,02-GASTOS DE ESTRUCUTURA,02-GASTOS DE ESTRUCUTURA,Dif dep. exp Maipu 605 - Rend. Marcelo 06xxxx08xxxx2026,43,2,2026-08-06,3.0,0.0,0.0,3.0,SI
124,1,1393,1920,01-CUENTAS POR PAGAR,01-CUENTAS POR PAGAR,Exp. 08xxxx2026 SL 987 5E - Rend. Marcelo 06xxxx08xxxx2026,43,2,2026-08-06,57000.0,0.0,0.0,57000.0,SI
125,1,1393,1260,01-CUENTAS POR PAGAR,01-CUENTAS POR PAGAR,Exp. 08xxxx2026 Balcarce 146 cochera - Rend. Marcelo 06xxxx08xxxx2026,43,2,2026-08-06,33300.0,0.0,0.0,33300.0,SI
126,1,1393,2912,01-CUENTAS POR PAGAR,01-CUENTAS POR PAGAR,SAT. 07xxxx2026 SL 987 cochera - Rend. Marcelo 06xxxx08xxxx2026,43,2,2026-08-06,12336.66,0.0,0.0,12336.66,SI
127,1,1390,4523,03-CREDITOS POR VENTAS,03-CREDITOS POR VENTAS,Bs As 575 1E ALQ 08xxxx2026,22,1,2026-08-07,0.0,-330000.0,-330000.0,0.0,SI
128,1,1347,4523,03-CREDITOS POR VENTAS,03-CREDITOS POR VENTAS,Bs As 575 1E ALQ 08xxxx2026,22,1,2026-08-07,0.0,-165000.0,-165000.0,0.0,SI
129,1,1390,4328,03-CREDITOS POR VENTAS,03-CREDITOS POR VENTAS,PERON 300 3C ALQ 08xxxx2026 + COCHERA 26,22,2,2026-08-07,0.0,-348000.0,-348000.0,0.0,SI
130,1,1390,4525,03-CREDITOS POR VENTAS,03-CREDITOS POR VENTAS,Alq. Mont. 847 7A ALQ 08xxxx2026 + CISI 08xxxx2026,22,3,2026-08-07,0.0,-350000.0,-350000.0,0.0,SI
131,1,1393,1425,01-CUENTAS POR PAGAR,01-CUENTAS POR PAGAR,Alq. Mont. 847 7A ALQ 08xxxx2026 + CISI 08xxxx2026,22,3,2026-08-07,0.0,-32.0,-32.0,0.0,SI
132,1,1390,4389,03-CREDITOS POR VENTAS,03-CREDITOS POR VENTAS,ALQ 08xxxx2026 BOLIVAR 845 4C,22,4,2026-08-07,0.0,-90000.0,-90000.0,0.0,SI
133,1,1390,3202,03-CREDITOS POR VENTAS,03-CREDITOS POR VENTAS,ALQ 08xxxx2026 MARCOS PAZ 888 4B,22,5,2026-08-07,0.0,-73000.0,-73000.0,0.0,SI
134,1,1390,3104,03-CREDITOS POR VENTAS,03-CREDITOS POR VENTAS,ALQ 08xxxx2026 Mont. 847 6A + CISI,22,6,2026-08-07,0.0,-110000.0,-110000.0,0.0,SI
135,1,1393,1425,01-CUENTAS POR PAGAR,01-CUENTAS POR PAGAR,ALQ 08xxxx2026 Mont. 847 6A + CISI,22,6,2026-08-07,0.0,-32.0,-32.0,0.0,SI
136,1,1390,4353,03-CREDITOS POR VENTAS,03-CREDITOS POR VENTAS,Alq Bs As 575 4 E 082026 + 5% - Trans 06082026,22,7,2026-08-07,0.0,-98000.0,-98000.0,0.0,SI
137,1,1393,624,01-CUENTAS POR PAGAR,01-CUENTAS POR PAGAR,Alq Bs As 575 4 E 082026 + 5% - Trans 06082026,22,7,2026-08-07,0.0,-15000.0,-15000.0,0.0,SI
138,1,1390,4402,03-CREDITOS POR VENTAS,03-CREDITOS POR VENTAS,ALQ. S.L 515 5A 08xxxx2026,22,8,2026-08-07,0.0,-173000.0,-173000.0,0.0,SI
139,1,1390,4261,03-CREDITOS POR VENTAS,03-CREDITOS POR VENTAS,ALQ. LAP. 416 2C 08xxxx2026,22,9,2026-08-07,0.0,-420000.0,-420000.0,0.0,SI
140,1,1390,4294,03-CREDITOS POR VENTAS,03-CREDITOS POR VENTAS,ALQ. MONT. 847 7B 08xxxx2026 + CISI,22,10,2026-08-07,0.0,-100000.0,-100000.0,0.0,SI
141,1,1393,1425,01-CUENTAS POR PAGAR,01-CUENTAS POR PAGAR,ALQ. MONT. 847 7B RED. 08xxxx2026 + CISI,22,10,2026-08-07,0.0,-32.0,-32.0,0.0,SI
142,1,3867,4542,03-CREDITOS POR VENTAS,03-CREDITOS POR VENTAS,PRADOS DEL LIB. A.W III L.5 A CTA. ANTICIPO,22,11,2026-08-07,0.0,-4000000.0,-4000000.0,0.0,SI
143,1,1390,4406,03-CREDITOS POR VENTAS,03-CREDITOS POR VENTAS,ALQ. S.L 987 10G 08xxxx2026,22,12,2026-08-07,0.0,-85000.0,-85000.0,0.0,SI
144,1,1390,4454,03-CREDITOS POR VENTAS,03-CREDITOS POR VENTAS,ALQ. S.L 987 5C 08xxxx2026,22,13,2026-08-07,0.0,-43000.0,-43000.0,0.0,SI
145,1,1390,4440,03-CREDITOS POR VENTAS,03-CREDITOS POR VENTAS,ALQ. BS.AS 575 PB B 08xxxx2026,22,14,2026-08-07,0.0,-28000.0,-28000.0,0.0,SI
146,1,1390,4371,03-CREDITOS POR VENTAS,03-CREDITOS POR VENTAS,ALQ. V.M 46 5A 08xxxx2026 + CISI,22,15,2026-08-07,0.0,-72000.0,-72000.0,0.0,SI
147,1,1393,3964,01-CUENTAS POR PAGAR,01-CUENTAS POR PAGAR,ALQ. V.M 46 5A REND. 08xxxx2026 + CISI,22,15,2026-08-07,0.0,-74.0,-74.0,0.0,SI
148,1,1390,4125,03-CREDITOS POR VENTAS,03-CREDITOS POR VENTAS,ALQ. BS.AS 575 9B 08xxxx2026,22,16,2026-08-07,0.0,-330000.0,-330000.0,0.0,SI
149,1,1390,4081,03-CREDITOS POR VENTAS,03-CREDITOS POR VENTAS,ALQ. BOLIVAR 845 4E A CTA 08xxxx2026,22,17,2026-08-07,0.0,-360000.0,-360000.0,0.0,SI
150,1,1390,4438,03-CREDITOS POR VENTAS,03-CREDITOS POR VENTAS,ALQ. S.L 515 3B 08xxxx2026,22,18,2026-08-07,0.0,-42000.0,-42000.0,0.0,SI
151,1,3868,4543,03-CREDITOS POR VENTAS,03-CREDITOS POR VENTAS,PRADOS DEL LIB. E.L II L. 38 Y 39 A CTA TERRENOS,22,19,2026-08-07,0.0,-16500000.0,-16500000.0,0.0,SI
152,1,1390,4295,03-CREDITOS POR VENTAS,03-CREDITOS POR VENTAS,ALQ. #300 PB E + COCH. 22 08xxxx2026,22,20,2026-08-07,0.0,-326000.0,-326000.0,0.0,SI
153,1,1390,4403,03-CREDITOS POR VENTAS,03-CREDITOS POR VENTAS,ALQ. LAP. 416 6C SDO. 07xxxx2026 + INT. 07xxxx26 + 08xxxx2026,22,21,2026-08-07,0.0,-128000.0,-128000.0,0.0,SI
154,1,1393,649,01-CUENTAS POR PAGAR,01-CUENTAS POR PAGAR,ALQ. LAP. 416 6C SDO. 07xxxx2026 + INT. 07xxxx26 + 08xxxx2026,22,21,2026-08-07,0.0,-4000.0,-4000.0,0.0,SI
155,1,1,,01-DISPONIBILIDADES,01-DISPONIBILIDADES,ALQ. LAP. 416 6C SDO. 07xxxx2026 + INT. 07xxxx26 + 08xxxx2026,22,21,2026-08-07,591000.0,0.0,0.0,591000.0,SI
156,1,1390,4509,03-CREDITOS POR VENTAS,03-CREDITOS POR VENTAS,ALQ. S.L 987 8D 08xxxx2026,22,22,2026-08-07,0.0,-300000.0,-300000.0,0.0,SI
157,1,1,,01-DISPONIBILIDADES,01-DISPONIBILIDADES,ALQ. S.L 987 8D 08xxxx2026,22,22,2026-08-07,300000.0,0.0,0.0,300000.0,SI
158,1,1390,3528,03-CREDITOS POR VENTAS,03-CREDITOS POR VENTAS,ALQ. MONT. 847 7D + CISI 08xxxx2026,22,23,2026-08-07,0.0,-50000.0,-50000.0,0.0,SI
159,1,1,,01-DISPONIBILIDADES,01-DISPONIBILIDADES,ALQ. MONT. 847 7D + CISI 08xxxx2026,22,23,2026-08-07,475400.0,0.0,0.0,475400.0,SI
160,1,1393,1425,01-CUENTAS POR PAGAR,01-CUENTAS POR PAGAR,ALQ. MONT. 847 RED. 7D + CISI 08xxxx2026,22,23,2026-08-07,0.0,-32.0,-32.0,0.0,SI
161,1,1390,4495,03-CREDITOS POR VENTAS,03-CREDITOS POR VENTAS,ALQ. GRAL.PAZ 253 2B 08xxxx2026,22,24,2026-08-07,0.0,-350000.0,-350000.0,0.0,SI
162,1,1,,01-DISPONIBILIDADES,01-DISPONIBILIDADES,ALQ. GRAL.PAZ 253 2B 08xxxx2026,22,24,2026-08-07,350000.0,0.0,0.0,350000.0,SI
163,1,1391,3302,03-CREDITOS POR VENTAS,03-CREDITOS POR VENTAS,S.L 987 PB D DIF. DEP. GTÍA + GOS. ADM. + SELLADO,22,25,2026-08-07,0.0,-180000.0,-180000.0,0.0,SI
164,1,1347,3302,03-CREDITOS POR VENTAS,03-CREDITOS POR VENTAS,S.L 987 PB D DIF. DEP. GTÍA + GOS. ADM. + SELLADO,22,25,2026-08-07,0.0,-165000.0,-165000.0,0.0,SI
165,1,1344,3302,01-CUENTAS POR PAGAR,01-CUENTAS POR PAGAR,S.L 987 PB D DIF. DEP. GTÍA + GOS. ADM. + SELLADO,22,25,2026-08-07,0.0,-53200.0,-53200.0,0.0,SI
166,1,1390,3302,03-CREDITOS POR VENTAS,03-CREDITOS POR VENTAS,ALQ. S.L 987 PB D 08xxxx2026 + DIF. DEP. GTÍA + GOS. ADM. + SELLADO,22,25,2026-08-07,0.0,-330000.0,-330000.0,0.0,SI
167,1,1,,01-DISPONIBILIDADES,01-DISPONIBILIDADES,ALQ. S.L 987 PB D 08xxxx2026 + DIF. DEP. GTÍA + GOS. ADM. + SELLADO,22,25,2026-08-07,728200.0,0.0,0.0,728200.0,SI
168,1,1390,3580,03-CREDITOS POR VENTAS,03-CREDITOS POR VENTAS,ALQ. LAP. 416 6B 08xxxx2026,22,26,2026-08-07,0.0,-450000.0,-450000.0,0.0,SI
169,1,1,,01-DISPONIBILIDADES,01-DISPONIBILIDADES,ALQ. LAP. 416 6B 08xxxx2026,22,26,2026-08-07,450000.0,0.0,0.0,450000.0,SI
170,1,1390,4457,03-CREDITOS POR VENTAS,03-CREDITOS POR VENTAS,ALQ. JUNIN 616 4D 08xxxx2026,22,27,2026-08-07,0.0,-38000.0,-38000.0,0.0,SI
171,1,1,,01-DISPONIBILIDADES,01-DISPONIBILIDADES,ALQ. JUNIN 616 4D 08xxxx2026,22,27,2026-08-07,388000.0,0.0,0.0,388000.0,SI
172,1,1390,4077,03-CREDITOS POR VENTAS,03-CREDITOS POR VENTAS,ALQ. M.P 888 4F 08xxxx2026 + CISI,22,28,2026-08-07,0.0,-82000.0,-82000.0,0.0,SI
173,1,1,,01-DISPONIBILIDADES,01-DISPONIBILIDADES,ALQ. M.P 888 4F 08xxxx2026 + CISI,22,28,2026-08-07,467400.0,0.0,0.0,467400.0,SI
174,1,1393,1425,01-CUENTAS POR PAGAR,01-CUENTAS POR PAGAR,ALQ. M.P 888 4F RED.  08xxxx2026 + CISI,22,28,2026-08-07,0.0,-32.0,-32.0,0.0,SI
175,1,1390,4253,03-CREDITOS POR VENTAS,03-CREDITOS POR VENTAS,ALQ. LAP. 416 6F 08xxxx2026,22,29,2026-08-07,0.0,-410000.0,-410000.0,0.0,SI
176,1,1,,01-DISPONIBILIDADES,01-DISPONIBILIDADES,ALQ. LAP. 416 6F 08xxxx2026,22,29,2026-08-07,410000.0,0.0,0.0,410000.0,SI
177,1,1390,3674,03-CREDITOS POR VENTAS,03-CREDITOS POR VENTAS,Alq Bs As 575 2 D 082026  Trans 07082026,22,30,2026-08-07,0.0,-98000.0,-98000.0,0.0,SI
178,1,1393,3438,01-CUENTAS POR PAGAR,01-CUENTAS POR PAGAR,Alq Bs As 575 2 D 082026  Trans 07082026,22,30,2026-08-07,298000.0,0.0,0.0,298000.0,SI
179,1,1390,3985,03-CREDITOS POR VENTAS,03-CREDITOS POR VENTAS,Alq Bs As 575 6 C 082026 Trans 07082026,22,31,2026-08-07,0.0,-98000.0,-98000.0,0.0,SI
180,1,1393,4065,01-CUENTAS POR PAGAR,01-CUENTAS POR PAGAR,Alq Bs As 575 6 C 082026 Trans 07082026,22,31,2026-08-07,298000.0,0.0,0.0,298000.0,SI
181,1,1390,4203,03-CREDITOS POR VENTAS,03-CREDITOS POR VENTAS,ALQ. LAP. 416 PB D 08xxxx2026,22,32,2026-08-07,0.0,-55000.0,-55000.0,0.0,SI
182,1,1,,01-DISPONIBILIDADES,01-DISPONIBILIDADES,ALQ. LAP. 416 PB D 08xxxx2026,22,32,2026-08-07,505000.0,0.0,0.0,505000.0,SI
183,1,1390,3412,03-CREDITOS POR VENTAS,03-CREDITOS POR VENTAS,ALQ. BCE. 373 6F 08xxxx2026,22,33,2026-08-07,0.0,-100000.0,-100000.0,0.0,SI
184,1,1,,01-DISPONIBILIDADES,01-DISPONIBILIDADES,ALQ. BCE. 373 6F 08xxxx2026,22,33,2026-08-07,280000.0,0.0,0.0,280000.0,SI
185,1,1390,4446,03-CREDITOS POR VENTAS,03-CREDITOS POR VENTAS,ALQ. BS.AS 575 7G 08xxxx2026,22,34,2026-08-07,0.0,-19000.0,-19000.0,0.0,SI
186,1,1,,01-DISPONIBILIDADES,01-DISPONIBILIDADES,ALQ. BS.AS 575 7G 08xxxx2026,22,34,2026-08-07,219000.0,0.0,0.0,219000.0,SI
187,1,1390,4382,03-CREDITOS POR VENTAS,03-CREDITOS POR VENTAS,ALQ. BS.AS 575 3A 08xxxx2026,22,35,2026-08-07,0.0,-72000.0,-72000.0,0.0,SI
188,1,1,,01-DISPONIBILIDADES,01-DISPONIBILIDADES,ALQ. BS.AS 575 3A 08xxxx2026,22,35,2026-08-07,292000.0,0.0,0.0,292000.0,SI
189,1,1390,4394,03-CREDITOS POR VENTAS,03-CREDITOS POR VENTAS,ALQ. BS.AS 575 1A 08xxxx2026,22,36,2026-08-07,0.0,-69000.0,-69000.0,0.0,SI
190,1,1,,01-DISPONIBILIDADES,01-DISPONIBILIDADES,ALQ. BS.AS 575 1A 08xxxx2026,22,36,2026-08-07,289000.0,0.0,0.0,289000.0,SI
191,1,1390,4259,03-CREDITOS POR VENTAS,03-CREDITOS POR VENTAS,ALQ. S.L 987 5F 08xxxx2026,22,37,2026-08-07,0.0,-400000.0,-400000.0,0.0,SI
192,1,1,,01-DISPONIBILIDADES,01-DISPONIBILIDADES,ALQ. S.L 987 5F 08xxxx2026,22,37,2026-08-07,400000.0,0.0,0.0,400000.0,SI
193,1,1390,3358,03-CREDITOS POR VENTAS,03-CREDITOS POR VENTAS,Alq SL 987 7 E 082026 Trans 07082026,22,38,2026-08-07,0.0,-86000.0,-86000.0,0.0,SI
194,1,1393,2366,01-CUENTAS POR PAGAR,01-CUENTAS POR PAGAR,Alq SL 987 7 E 082026 Trans 07082026,22,38,2026-08-07,226000.0,0.0,0.0,226000.0,SI
195,1,1390,3821,03-CREDITOS POR VENTAS,03-CREDITOS POR VENTAS,Alq Bs As 575 10 F 082026  Trans 07082026,22,39,2026-08-07,0.0,-350000.0,-350000.0,0.0,SI
196,1,1393,1730,01-CUENTAS POR PAGAR,01-CUENTAS POR PAGAR,Alq Bs As 575 10 F 082026  Trans 07082026,22,39,2026-08-07,350000.0,0.0,0.0,350000.0,SI
197,1,1393,3626,01-CUENTAS POR PAGAR,01-CUENTAS POR PAGAR,GRAL.PAZ 253 COCH.6 EXPENSAS 08xxxx2026,32,1,2026-08-07,27190.0,0.0,0.0,27190.0,SI
198,1,3855,,02-GASTOS DE ESTRUCUTURA,02-GASTOS DE ESTRUCUTURA,GRAL.PAZ 253 COCH.6 EXPENSAS 08xxxx2026,32,1,2026-08-07,10.0,0.0,0.0,10.0,SI
199,1,1905,,02-INVERSIONES,02-INVERSIONES,GASTOS TRANSF. L.5 A.W III PRADOS DEL LIB,32,2,2026-08-07,20000.0,0.0,0.0,20000.0,SI
200,1,38,2551,01-CUENTAS POR PAGAR,01-CUENTAS POR PAGAR,O.P 23169,32,3,2026-08-07,930000.0,0.0,0.0,930000.0,SI
201,1,1393,624,01-CUENTAS POR PAGAR,01-CUENTAS POR PAGAR,S.L 515 3A LIMPIEZA NANCY,32,4,2026-08-07,11250.0,0.0,0.0,11250.0,SI
202,1,1390,3173,03-CREDITOS POR VENTAS,03-CREDITOS POR VENTAS,A cta Alq. Agosto 2026 - Se reconoce 50% por humedad Dpto- Autoriado GCI,22,1,2026-08-10,0.0,-42000.0,-42000.0,0.0,SI
203,1,1390,4479,03-CREDITOS POR VENTAS,03-CREDITOS POR VENTAS,ALQ. LAP. 416 5B A CTA. 08xxxx2026 + GTOS ADM.,22,2,2026-08-10,0.0,-200000.0,-200000.0,0.0,SI
204,1,1347,4479,03-CREDITOS POR VENTAS,03-CREDITOS POR VENTAS,ALQ. LAP. 416 5B A CTA. 08xxxx2026 + GTOS ADM.,22,2,2026-08-10,0.0,-225000.0,-225000.0,0.0,SI
205,1,1390,3815,03-CREDITOS POR VENTAS,03-CREDITOS POR VENTAS,ALQ. BCE. 375 7C 08xxxx2026,22,3,2026-08-10,0.0,-126000.0,-126000.0,0.0,SI
206,1,1390,4408,03-CREDITOS POR VENTAS,03-CREDITOS POR VENTAS,ALQ. MONT. 847 2A 08xxxx2026,22,4,2026-08-10,0.0,-85000.0,-85000.0,0.0,SI
207,1,3867,4542,03-CREDITOS POR VENTAS,03-CREDITOS POR VENTAS,PRADOS DEL LIB. A.W III L. 5 A CTA ANTICIPO.,22,5,2026-08-10,0.0,-2890000.0,-2890000.0,0.0,SI
208,1,3867,4542,03-CREDITOS POR VENTAS,03-CREDITOS POR VENTAS,PRADOS DEL LIB. A.W III L. 5 CANC. ANTICIPO,22,6,2026-08-10,0.0,-1110000.0,-1110000.0,0.0,SI
209,1,1390,4198,03-CREDITOS POR VENTAS,03-CREDITOS POR VENTAS,ALQ. GRAL. PAZ 253 1D 08xxxx2026,22,7,2026-08-10,0.0,-49000.0,-49000.0,0.0,SI
210,1,1390,4324,03-CREDITOS POR VENTAS,03-CREDITOS POR VENTAS,ALQ. LAP. 416 5E 08xxxx2026,22,8,2026-08-10,0.0,-141000.0,-141000.0,0.0,SI
211,1,1390,3584,03-CREDITOS POR VENTAS,03-CREDITOS POR VENTAS,ALQ. M.P 888 4A 08xxxx2026 + CISI + CANC. DIF. DEP. GTÍA. + GTOS ADM.,22,9,2026-08-10,0.0,-410000.0,-410000.0,0.0,SI
212,1,1391,3584,03-CREDITOS POR VENTAS,03-CREDITOS POR VENTAS,ALQ. M.P 888 4A 08xxxx2026 + CISI + CANC. DIF. DEP. GTÍA. + GTOS ADM.,22,9,2026-08-10,0.0,-15368.0,-15368.0,0.0,SI
213,1,1347,3584,03-CREDITOS POR VENTAS,03-CREDITOS POR VENTAS,ALQ. M.P 888 4A 08xxxx2026 + CISI + CANC. DIF. DEP. GTÍA. + GTOS ADM.,22,9,2026-08-10,0.0,-205000.0,-205000.0,0.0,SI
214,1,1393,1425,01-CUENTAS POR PAGAR,01-CUENTAS POR PAGAR,ALQ. M.P 888 4A RED. 08xxxx2026 + CISI + CANC. DIF. DEP. GTÍA. + GTOS ADM.,22,9,2026-08-10,36.0,0.0,0.0,36.0,SI
215,1,1390,4322,03-CREDITOS POR VENTAS,03-CREDITOS POR VENTAS,ALQ. BS.AS 575 3E 08xxxx2026,22,10,2026-08-10,0.0,-100000.0,-100000.0,0.0,SI
216,1,1390,4496,03-CREDITOS POR VENTAS,03-CREDITOS POR VENTAS,Alq Gral Paz 253 4 D 082026 Trans 09082026,22,11,2026-08-10,0.0,-400000.0,-400000.0,0.0,SI
217,1,1390,4204,03-CREDITOS POR VENTAS,03-CREDITOS POR VENTAS,ALQ. GRAL. PAZ 253 2E 08xxxx2026,22,12,2026-08-10,0.0,-42000.0,-42000.0,0.0,SI
218,1,1390,3795,03-CREDITOS POR VENTAS,03-CREDITOS POR VENTAS,ALQ. LAP. 416 7E 08xxxx2026,22,13,2026-08-10,0.0,-70000.0,-70000.0,0.0,SI
219,1,1390,3808,03-CREDITOS POR VENTAS,03-CREDITOS POR VENTAS,ALQ.BCE. 146 2B 08xxxx2026,22,14,2026-08-10,0.0,-63000.0,-63000.0,0.0,SI
220,1,1390,3420,03-CREDITOS POR VENTAS,03-CREDITOS POR VENTAS,ALQ. V.M 353 3C 08xxxx2026,22,15,2026-08-10,0.0,-119000.0,-119000.0,0.0,SI
221,1,3868,4536,03-CREDITOS POR VENTAS,03-CREDITOS POR VENTAS,PRADOS DEL LIB. E.L II L. 12 CANC. ANTICIPO,22,16,2026-08-10,0.0,-9950000.0,-9950000.0,0.0,SI
222,1,1390,4481,03-CREDITOS POR VENTAS,03-CREDITOS POR VENTAS,ALQ. S.L 987 10A 08xxxx2026,22,17,2026-08-10,0.0,-55000.0,-55000.0,0.0,SI
223,1,1390,4458,03-CREDITOS POR VENTAS,03-CREDITOS POR VENTAS,ALQ. BS.AS 575 1G 08xxxx2026,22,18,2026-08-10,0.0,-22000.0,-22000.0,0.0,SI
224,1,1390,4194,03-CREDITOS POR VENTAS,03-CREDITOS POR VENTAS,ALQ. BCE. 830 6C 08xxxx2026,22,19,2026-08-10,0.0,-48000.0,-48000.0,0.0,SI
225,1,1390,3547,03-CREDITOS POR VENTAS,03-CREDITOS POR VENTAS,ALQ. S.M 285 9A CONTRAF. 08xxxx2026,22,20,2026-08-10,0.0,-38000.0,-38000.0,0.0,SI
226,1,1390,4315,03-CREDITOS POR VENTAS,03-CREDITOS POR VENTAS,ALQ. BS.AS 575 1B 08xxxx2026,22,21,2026-08-10,0.0,-150000.0,-150000.0,0.0,SI
227,1,1390,4518,03-CREDITOS POR VENTAS,03-CREDITOS POR VENTAS,Alq Gral Paz 253 1 F082026 Trans 10082026,22,22,2026-08-10,0.0,-350000.0,-350000.0,0.0,SI
228,1,1393,4378,01-CUENTAS POR PAGAR,01-CUENTAS POR PAGAR,Alq Gral Paz 253 1 F082026 Trans 10082026,22,22,2026-08-10,350000.0,0.0,0.0,350000.0,SI
229,1,1390,4492,03-CREDITOS POR VENTAS,03-CREDITOS POR VENTAS,ALQ. GRAL. PAZ 253 4B 08xxxx2026,22,23,2026-08-10,0.0,-350000.0,-350000.0,0.0,SI
230,1,1390,3951,03-CREDITOS POR VENTAS,03-CREDITOS POR VENTAS,Alq Bs As 575 10 C 082026 Trans 09082026,22,24,2026-08-10,0.0,-100000.0,-100000.0,0.0,SI
231,1,1393,3438,01-CUENTAS POR PAGAR,01-CUENTAS POR PAGAR,Alq Bs As 575 10 C 082026 Trans 09082026,22,24,2026-08-10,260000.0,0.0,0.0,260000.0,SI
232,1,1390,4405,03-CREDITOS POR VENTAS,03-CREDITOS POR VENTAS,ALQ. SGO. 711 1A 08xxxx2026,22,25,2026-08-10,0.0,-110000.0,-110000.0,0.0,SI
233,1,1390,4379,03-CREDITOS POR VENTAS,03-CREDITOS POR VENTAS,ALQ. #300 1F + COCH. 28 08xxxx2026,22,26,2026-08-10,0.0,-268000.0,-268000.0,0.0,SI
234,1,1390,3614,03-CREDITOS POR VENTAS,03-CREDITOS POR VENTAS,ALQ. SGO. 711 3A 08xxxx2026,22,27,2026-08-10,0.0,-291000.0,-291000.0,0.0,SI
235,1,1390,4358,03-CREDITOS POR VENTAS,03-CREDITOS POR VENTAS,Alq Bs As 575 8 D 082026 Trans 10082026,22,28,2026-08-10,0.0,-98000.0,-98000.0,0.0,SI
236,1,1393,1730,01-CUENTAS POR PAGAR,01-CUENTAS POR PAGAR,Alq Bs As 575 8 D 082026 Trans 10082026,22,28,2026-08-10,298000.0,0.0,0.0,298000.0,SI
237,1,1390,4488,03-CREDITOS POR VENTAS,03-CREDITOS POR VENTAS,ALQ. S.L 987 7G SDO. 08xxxx2026,22,29,2026-08-10,0.0,-25000.0,-25000.0,0.0,SI
238,1,1390,4448,03-CREDITOS POR VENTAS,03-CREDITOS POR VENTAS,ALQ. M.P 174 1C 08xxxx2026,22,30,2026-08-10,0.0,-43000.0,-43000.0,0.0,SI
239,1,1,,01-DISPONIBILIDADES,01-DISPONIBILIDADES,ALQ. M.P 174 1C 08xxxx2026,22,30,2026-08-10,443000.0,0.0,0.0,443000.0,SI
240,1,1390,4445,03-CREDITOS POR VENTAS,03-CREDITOS POR VENTAS,ALQ. BS.AS 575 5C 08xxxx2026,22,31,2026-08-10,0.0,-26000.0,-26000.0,0.0,SI
241,1,1,,01-DISPONIBILIDADES,01-DISPONIBILIDADES,ALQ. BS.AS 575 5C 08xxxx2026,22,31,2026-08-10,306000.0,0.0,0.0,306000.0,SI
242,1,1390,4320,03-CREDITOS POR VENTAS,03-CREDITOS POR VENTAS,ALQ. GRAL. PAZ 253 2F 08xxxx2026,22,32,2026-08-10,0.0,-125000.0,-125000.0,0.0,SI
243,1,1390,4449,03-CREDITOS POR VENTAS,03-CREDITOS POR VENTAS,ALQ. BS.AS 575 7C 08xxxx2026,22,33,2026-08-10,0.0,-30000.0,-30000.0,0.0,SI
244,1,1390,4212,03-CREDITOS POR VENTAS,03-CREDITOS POR VENTAS,ALQ GRAL. PAZ 253 4F 08xxxx2026,22,34,2026-08-10,0.0,-380000.0,-380000.0,0.0,SI
245,1,1390,4340,03-CREDITOS POR VENTAS,03-CREDITOS POR VENTAS,ALQ. GRAL. PAZ 253 1E 08xxxx2026,22,35,2026-08-10,0.0,-113000.0,-113000.0,0.0,SI
246,1,1390,4470,03-CREDITOS POR VENTAS,03-CREDITOS POR VENTAS,ALQ. GRAL. PAZ 223 5E 08xxxx2026,22,36,2026-08-10,0.0,-26000.0,-26000.0,0.0,SI
247,1,1390,3091,03-CREDITOS POR VENTAS,03-CREDITOS POR VENTAS,ALQ. S.L 987 12B 08xxxx2026,22,37,2026-08-10,0.0,-110000.0,-110000.0,0.0,SI
248,1,1390,4291,03-CREDITOS POR VENTAS,03-CREDITOS POR VENTAS,ALQ. BS.AS 575 PB D 08xxxx2026,22,38,2026-08-10,0.0,-67000.0,-67000.0,0.0,SI
249,1,1,,01-DISPONIBILIDADES,01-DISPONIBILIDADES,ALQ. BS.AS 575 PB D 08xxxx2026,22,38,2026-08-10,167000.0,0.0,0.0,167000.0,SI
250,1,1390,4303,03-CREDITOS POR VENTAS,03-CREDITOS POR VENTAS,ALQ. #300 2B + COCH. 33 08xxxx2026,22,39,2026-08-10,0.0,-306000.0,-306000.0,0.0,SI
251,1,1,,01-DISPONIBILIDADES,01-DISPONIBILIDADES,ALQ. #300 2B + COCH. 33 08xxxx2026,22,39,2026-08-10,756000.0,0.0,0.0,756000.0,SI
252,1,1390,4085,03-CREDITOS POR VENTAS,03-CREDITOS POR VENTAS,ALQ. BS.AS 575 9E 08xxxx2026,22,40,2026-08-10,0.0,-32000.0,-32000.0,0.0,SI
253,1,1,,01-DISPONIBILIDADES,01-DISPONIBILIDADES,ALQ. BS.AS 575 9E 08xxxx2026,22,40,2026-08-10,332000.0,0.0,0.0,332000.0,SI
254,1,1390,4171,03-CREDITOS POR VENTAS,03-CREDITOS POR VENTAS,ALQ. BCE. 830 6A 08xxxx2026,22,41,2026-08-10,0.0,-91000.0,-91000.0,0.0,SI
255,1,1,,01-DISPONIBILIDADES,01-DISPONIBILIDADES,ALQ. BCE. 830 6A 08xxxx2026,22,41,2026-08-10,511000.0,0.0,0.0,511000.0,SI
256,1,1390,3861,03-CREDITOS POR VENTAS,03-CREDITOS POR VENTAS,ALQ. LAP. 401 3-10 08xxxx2026,22,42,2026-08-10,0.0,-52000.0,-52000.0,0.0,SI
257,1,1,,01-DISPONIBILIDADES,01-DISPONIBILIDADES,ALQ. LAP. 401 3-10 08xxxx2026,22,42,2026-08-10,482000.0,0.0,0.0,482000.0,SI
258,1,1390,4450,03-CREDITOS POR VENTAS,03-CREDITOS POR VENTAS,ALQ. LAP. 416 2E 08xxxx2026,22,44,2026-08-10,0.0,-45000.0,-45000.0,0.0,SI
259,1,1,,01-DISPONIBILIDADES,01-DISPONIBILIDADES,ALQ. LAP. 416 2E 08xxxx2026,22,44,2026-08-10,465000.0,0.0,0.0,465000.0,SI
260,1,1972,4468,03-CREDITOS POR VENTAS,03-CREDITOS POR VENTAS,U$870 DIVISADERO II L.106 08xxxx2026,22,46,2026-08-10,0.0,-1231050.0,-1231050.0,0.0,SI
261,1,2,,01-DISPONIBILIDADES,01-DISPONIBILIDADES,U$870 DIVISADERO II L.106 08xxxx2026,22,46,2026-08-10,1231050.0,0.0,0.0,1231050.0,SI
262,1,1972,4467,03-CREDITOS POR VENTAS,03-CREDITOS POR VENTAS,U$870 DIVISADERO II L.104 08xxxx2026,22,47,2026-08-10,0.0,-1231050.0,-1231050.0,0.0,SI
263,1,2,,01-DISPONIBILIDADES,01-DISPONIBILIDADES,U$870 DIVISADERO II L.104 08xxxx2026,22,47,2026-08-10,1231050.0,0.0,0.0,1231050.0,SI
264,1,1972,4467,03-CREDITOS POR VENTAS,03-CREDITOS POR VENTAS,U$870 DIVISADERO II L. 105 08xxxx2026,22,48,2026-08-10,0.0,-1231050.0,-1231050.0,0.0,SI
265,1,2,,01-DISPONIBILIDADES,01-DISPONIBILIDADES,U$870 DIVISADERO II L. 105 08xxxx2026,22,48,2026-08-10,1231050.0,0.0,0.0,1231050.0,SI
266,1,1390,4314,03-CREDITOS POR VENTAS,03-CREDITOS POR VENTAS,ALQ. #300 PB D + COCH. 32 08xxxx2026,22,49,2026-08-10,0.0,-316000.0,-316000.0,0.0,SI
267,1,1,,01-DISPONIBILIDADES,01-DISPONIBILIDADES,ALQ. #300 PB D + COCH. 32 08xxxx2026,22,49,2026-08-10,796000.0,0.0,0.0,796000.0,SI
268,1,1390,4313,03-CREDITOS POR VENTAS,03-CREDITOS POR VENTAS,ALQ #300 2F + COCH.21 08xxxx2026,22,50,2026-08-10,0.0,-218000.0,-218000.0,0.0,SI
269,1,1,,01-DISPONIBILIDADES,01-DISPONIBILIDADES,ALQ #300 2F + COCH.21 08xxxx2026,22,50,2026-08-10,745000.0,0.0,0.0,745000.0,SI
270,1,1390,4422,03-CREDITOS POR VENTAS,03-CREDITOS POR VENTAS,ALQ. BCE. 146 4 D 08xxxx2026,22,51,2026-08-10,0.0,-76000.0,-76000.0,0.0,SI
271,1,1,,01-DISPONIBILIDADES,01-DISPONIBILIDADES,ALQ. BCE. 146 4 D 08xxxx2026,22,51,2026-08-10,456000.0,0.0,0.0,456000.0,SI
272,1,1390,4526,03-CREDITOS POR VENTAS,03-CREDITOS POR VENTAS,ALQ M.P 888 4E 08xxxx2026 + CISI,22,52,2026-08-10,0.0,-350000.0,-350000.0,0.0,SI
273,1,1,,01-DISPONIBILIDADES,01-DISPONIBILIDADES,ALQ M.P 888 4E 08xxxx2026 + CISI,22,52,2026-08-10,355400.0,0.0,0.0,355400.0,SI
274,1,1393,1425,01-CUENTAS POR PAGAR,01-CUENTAS POR PAGAR,ALQ M.P 888 4E RED. 08xxxx2026 + CISI,22,52,2026-08-10,0.0,-32.0,-32.0,0.0,SI
275,1,1390,3382,03-CREDITOS POR VENTAS,03-CREDITOS POR VENTAS,ALQ. STA. FÉ 850 4B 08xxxx2026 + CISI,22,53,2026-08-10,0.0,-119000.0,-119000.0,0.0,SI
276,1,1,,01-DISPONIBILIDADES,01-DISPONIBILIDADES,ALQ. STA. FÉ 850 4B 08xxxx2026 + CISI,22,53,2026-08-10,375500.0,0.0,0.0,375500.0,SI
277,1,1390,4513,03-CREDITOS POR VENTAS,03-CREDITOS POR VENTAS,ALQ. GRAL. PAZ 253 2C 08xxxx2026,22,55,2026-08-10,0.0,-370000.0,-370000.0,0.0,SI
278,1,1,,01-DISPONIBILIDADES,01-DISPONIBILIDADES,ALQ. GRAL. PAZ 253 2C 08xxxx2026,22,55,2026-08-10,370000.0,0.0,0.0,370000.0,SI
279,1,1390,4105,03-CREDITOS POR VENTAS,03-CREDITOS POR VENTAS,ALQ. BS.AS 575 8F 08xxxx2026,22,56,2026-08-10,0.0,-38000.0,-38000.0,0.0,SI
280,1,1,,01-DISPONIBILIDADES,01-DISPONIBILIDADES,ALQ. BS.AS 575 8F 08xxxx2026,22,56,2026-08-10,358000.0,0.0,0.0,358000.0,SI
281,1,1390,4327,03-CREDITOS POR VENTAS,03-CREDITOS POR VENTAS,ALQ. LAP. 416 1F 08xxxx2026,22,57,2026-08-10,0.0,-141000.0,-141000.0,0.0,SI
282,1,1,,01-DISPONIBILIDADES,01-DISPONIBILIDADES,ALQ. LAP. 416 1F 08xxxx2026,22,57,2026-08-10,371000.0,0.0,0.0,371000.0,SI
283,1,1390,4412,03-CREDITOS POR VENTAS,03-CREDITOS POR VENTAS,ALQ. S.L 515 4A 08xxxx2026,22,58,2026-08-10,0.0,-550000.0,-550000.0,0.0,SI
284,1,1,,01-DISPONIBILIDADES,01-DISPONIBILIDADES,ALQ. S.L 515 4A 08xxxx2026,22,58,2026-08-10,723000.0,0.0,0.0,723000.0,SI
285,1,1390,3568,03-CREDITOS POR VENTAS,03-CREDITOS POR VENTAS,ALQ. CORR. 133 1A 08xxxx2026 + CISI,22,59,2026-08-10,0.0,-700000.0,-700000.0,0.0,SI
286,1,1,,01-DISPONIBILIDADES,01-DISPONIBILIDADES,ALQ. CORR. 133 1A 08xxxx2026 + CISI,22,59,2026-08-10,708900.0,0.0,0.0,708900.0,SI
287,1,1393,1425,01-CUENTAS POR PAGAR,01-CUENTAS POR PAGAR,ALQ. CORR. 133 1A RED. 08xxxx2026 + CISI,22,59,2026-08-10,20.0,0.0,0.0,20.0,SI
288,1,1390,4427,03-CREDITOS POR VENTAS,03-CREDITOS POR VENTAS,ALQ LAP. 416 2A SDO 07xxxx2026 + INT. 07xxxx2026 +08xxxx2026,22,60,2026-08-10,0.0,-18000.0,-18000.0,0.0,SI
289,1,1393,624,01-CUENTAS POR PAGAR,01-CUENTAS POR PAGAR,ALQ LAP. 416 2A SDO 07xxxx2026 + INT. 07xxxx2026 +08xxxx2026,22,60,2026-08-10,0.0,-3000.0,-3000.0,0.0,SI
290,1,1,,01-DISPONIBILIDADES,01-DISPONIBILIDADES,ALQ LAP. 416 2A SDO 07xxxx2026 + INT. 07xxxx2026 +08xxxx2026,22,60,2026-08-10,477000.0,0.0,0.0,477000.0,SI
291,1,1391,3911,03-CREDITOS POR VENTAS,03-CREDITOS POR VENTAS,ALQ. BS.AS 575 5E 08xxxx2026 + DIF. DEP. GTÍA.+A CTA. GTOS ADM. + SELLADO,22,61,2026-08-10,0.0,-190000.0,-190000.0,0.0,SI
292,1,1347,3911,03-CREDITOS POR VENTAS,03-CREDITOS POR VENTAS,ALQ. BS.AS 575 5E 08xxxx2026 + DIF. DEP. GTÍA.+A CTA. GTOS ADM. + SELLADO,22,61,2026-08-10,0.0,-132800.0,-132800.0,0.0,SI
293,1,1344,3911,01-CUENTAS POR PAGAR,01-CUENTAS POR PAGAR,ALQ. BS.AS 575 5E 08xxxx2026 + DIF. DEP. GTÍA.+A CTA. GTOS ADM. + SELLADO,22,61,2026-08-10,0.0,-53200.0,-53200.0,0.0,SI
294,1,1,,01-DISPONIBILIDADES,01-DISPONIBILIDADES,ALQ. BS.AS 575 5E 08xxxx2026 + DIF. DEP. GTÍA.+A CTA. GTOS ADM. + SELLADO,22,61,2026-08-10,706000.0,0.0,0.0,706000.0,SI
295,1,1390,3911,03-CREDITOS POR VENTAS,03-CREDITOS POR VENTAS,ALQ. BS.AS 575 5E 08xxxx2026 + DIF. DEP. GTÍA.+A CTA. GTOS ADM. + SELLADO,22,61,2026-08-10,0.0,-330000.0,-330000.0,0.0,SI
296,1,1390,4079,03-CREDITOS POR VENTAS,03-CREDITOS POR VENTAS,ALQ. BCE. 146 1F A CTA 08xxxx2026,22,62,2026-08-10,0.0,-10000.0,-10000.0,0.0,SI
297,1,1,,01-DISPONIBILIDADES,01-DISPONIBILIDADES,ALQ. BCE. 146 1F A CTA 08xxxx2026,22,62,2026-08-10,390000.0,0.0,0.0,390000.0,SI
298,1,1390,3604,03-CREDITOS POR VENTAS,03-CREDITOS POR VENTAS,ALQ.MONT. 847 6C 08xxxx2026 + CISI,22,63,2026-08-10,0.0,-84000.0,-84000.0,0.0,SI
299,1,1,,01-DISPONIBILIDADES,01-DISPONIBILIDADES,ALQ.MONT. 847 6C 08xxxx2026 + CISI,22,63,2026-08-10,239400.0,0.0,0.0,239400.0,SI
300,1,1393,1425,01-CUENTAS POR PAGAR,01-CUENTAS POR PAGAR,ALQ.MONT. 847 6C RED. 08xxxx2026 + CISI,22,63,2026-08-10,0.0,-32.0,-32.0,0.0,SI
301,1,1390,4286,03-CREDITOS POR VENTAS,03-CREDITOS POR VENTAS,ALQ. BCE. 375 PB B 08xxxx2026,22,64,2026-08-10,0.0,-84000.0,-84000.0,0.0,SI
302,1,1,,01-DISPONIBILIDADES,01-DISPONIBILIDADES,ALQ. BCE. 375 PB B 08xxxx2026,22,64,2026-08-10,234000.0,0.0,0.0,234000.0,SI
303,1,1390,4414,03-CREDITOS POR VENTAS,03-CREDITOS POR VENTAS,ALQ. S.L 987 7C SDO. 07xxxx2026 + INT. 07xxxx2026 + 08xxxx2026,22,65,2026-08-10,0.0,-69000.0,-69000.0,0.0,SI
304,1,1393,2909,01-CUENTAS POR PAGAR,01-CUENTAS POR PAGAR,ALQ. S.L 987 7C SDO. 07xxxx2026 + INT. 07xxxx2026 + 08xxxx2026,22,65,2026-08-10,0.0,-48000.0,-48000.0,0.0,SI
305,1,1,,01-DISPONIBILIDADES,01-DISPONIBILIDADES,ALQ. S.L 987 7C SDO. 07xxxx2026 + INT. 07xxxx2026 + 08xxxx2026,22,65,2026-08-10,843000.0,0.0,0.0,843000.0,SI
306,1,1390,4418,03-CREDITOS POR VENTAS,03-CREDITOS POR VENTAS,ALQ. BS.AS 575 8E SDO. 07xxxx2026 + INT. 07xxxx2026 + 08xxxx2026,22,66,2026-08-10,0.0,-25000.0,-25000.0,0.0,SI
307,1,1393,649,01-CUENTAS POR PAGAR,01-CUENTAS POR PAGAR,ALQ. BS.AS 575 8E SDO. 07xxxx2026 + INT. 07xxxx2026 + 08xxxx2026,22,66,2026-08-10,0.0,-3000.0,-3000.0,0.0,SI
308,1,1,,01-DISPONIBILIDADES,01-DISPONIBILIDADES,ALQ. BS.AS 575 8E SDO. 07xxxx2026 + INT. 07xxxx2026 + 08xxxx2026,22,66,2026-08-10,336000.0,0.0,0.0,336000.0,SI
309,1,1390,3173,03-CREDITOS POR VENTAS,03-CREDITOS POR VENTAS,ALQ. S.L 987 6H 08xxxx2026,22,67,2026-08-10,0.0,-216000.0,-216000.0,0.0,SI
310,1,1,,01-DISPONIBILIDADES,01-DISPONIBILIDADES,ALQ. S.L 987 6H 08xxxx2026,22,67,2026-08-10,216000.0,0.0,0.0,216000.0,SI
311,1,1390,3927,03-CREDITOS POR VENTAS,03-CREDITOS POR VENTAS,ALQ. S.L 987 11D 08xxxx2026,22,68,2026-08-10,0.0,-73000.0,-73000.0,0.0,SI
312,1,1,,01-DISPONIBILIDADES,01-DISPONIBILIDADES,ALQ. S.L 987 11D 08xxxx2026,22,68,2026-08-10,203000.0,0.0,0.0,203000.0,SI
313,1,1390,4285,03-CREDITOS POR VENTAS,03-CREDITOS POR VENTAS,ALQ. LAP. 416 1A 08xxxx2026,22,69,2026-08-10,0.0,-109000.0,-109000.0,0.0,SI
314,1,1,,01-DISPONIBILIDADES,01-DISPONIBILIDADES,ALQ. LAP. 416 1A 08xxxx2026,22,69,2026-08-10,304000.0,0.0,0.0,304000.0,SI
315,1,1390,4503,03-CREDITOS POR VENTAS,03-CREDITOS POR VENTAS,ALQ. S.L 515 7A 08xxxx2026,22,70,2026-08-10,0.0,-700000.0,-700000.0,0.0,SI
316,1,1,,01-DISPONIBILIDADES,01-DISPONIBILIDADES,ALQ. S.L 515 7A 08xxxx2026,22,70,2026-08-10,700000.0,0.0,0.0,700000.0,SI
317,1,1390,3863,03-CREDITOS POR VENTAS,03-CREDITOS POR VENTAS,ALQ. MONT. 847 6D 08xxxx2026 + CISI,22,71,2026-08-10,0.0,-51000.0,-51000.0,0.0,SI
318,1,1,,01-DISPONIBILIDADES,01-DISPONIBILIDADES,ALQ. MONT. 847 6D 08xxxx2026 + CISI,22,71,2026-08-10,476400.0,0.0,0.0,476400.0,SI
319,1,1393,1425,01-CUENTAS POR PAGAR,01-CUENTAS POR PAGAR,ALQ. MONT. 847 6D RED. 08xxxx2026 + CISI,22,71,2026-08-10,0.0,-32.0,-32.0,0.0,SI
320,1,1390,4348,03-CREDITOS POR VENTAS,03-CREDITOS POR VENTAS,ALQ. BS.AS 575 9F 08xxxx2026,22,72,2026-08-10,0.0,-98000.0,-98000.0,0.0,SI
321,1,1,,01-DISPONIBILIDADES,01-DISPONIBILIDADES,ALQ. BS.AS 575 9F 08xxxx2026,22,72,2026-08-10,298000.0,0.0,0.0,298000.0,SI
322,1,1390,4407,03-CREDITOS POR VENTAS,03-CREDITOS POR VENTAS,ALQ. S.L 987 3E 08xxxx2026,22,73,2026-08-10,0.0,-79000.0,-79000.0,0.0,SI
323,1,1,,01-DISPONIBILIDADES,01-DISPONIBILIDADES,ALQ. S.L 987 3E 08xxxx2026,22,73,2026-08-10,329000.0,0.0,0.0,329000.0,SI
324,1,1390,4279,03-CREDITOS POR VENTAS,03-CREDITOS POR VENTAS,ALQ. MAIPU 605 8A A CTA. 08xxxx2026,22,74,2026-08-10,0.0,-400000.0,-400000.0,0.0,SI
325,1,1,,01-DISPONIBILIDADES,01-DISPONIBILIDADES,ALQ. MAIPU 605 8A A CTA. 08xxxx2026,22,74,2026-08-10,400000.0,0.0,0.0,400000.0,SI
326,1,1390,4140,03-CREDITOS POR VENTAS,03-CREDITOS POR VENTAS,ALQ. LAP. 416 1D 08xxxx2026,22,75,2026-08-10,0.0,-120000.0,-120000.0,0.0,SI
327,1,1,,01-DISPONIBILIDADES,01-DISPONIBILIDADES,ALQ. LAP. 416 1D 08xxxx2026,22,75,2026-08-10,500000.0,0.0,0.0,500000.0,SI
328,1,1390,3735,03-CREDITOS POR VENTAS,03-CREDITOS POR VENTAS,ALQ. LAP. 416 2F 08xxxx2026,22,76,2026-08-10,0.0,-112000.0,-112000.0,0.0,SI
329,1,1,,01-DISPONIBILIDADES,01-DISPONIBILIDADES,ALQ. LAP. 416 2F 08xxxx2026,22,76,2026-08-10,462000.0,0.0,0.0,462000.0,SI
330,1,1390,4225,03-CREDITOS POR VENTAS,03-CREDITOS POR VENTAS,ALQ. GRAL. PAZ 253 6C 08xxxx2026,22,77,2026-08-10,0.0,-400000.0,-400000.0,0.0,SI
331,1,1,,01-DISPONIBILIDADES,01-DISPONIBILIDADES,ALQ. GRAL. PAZ 253 6C 08xxxx2026,22,77,2026-08-10,400000.0,0.0,0.0,400000.0,SI
332,1,1390,4357,03-CREDITOS POR VENTAS,03-CREDITOS POR VENTAS,ALQ. BS.AS 575 7D 08xxxx2026,22,78,2026-08-10,0.0,-98000.0,-98000.0,0.0,SI
333,1,1,,01-DISPONIBILIDADES,01-DISPONIBILIDADES,ALQ. BS.AS 575 7D 08xxxx2026,22,78,2026-08-10,298000.0,0.0,0.0,298000.0,SI
334,1,1390,4222,03-CREDITOS POR VENTAS,03-CREDITOS POR VENTAS,ALQ. GRAL. PAZ 253 PB A INT. 07xxxx2026 + A CTA 07xxxx2026,22,79,2026-08-10,0.0,-159000.0,-159000.0,0.0,SI
335,1,1393,624,01-CUENTAS POR PAGAR,01-CUENTAS POR PAGAR,ALQ. GRAL. PAZ 253 PB A INT. 07xxxx2026 + A CTA 07xxxx2026,22,79,2026-08-10,0.0,-41000.0,-41000.0,0.0,SI
336,1,1,,01-DISPONIBILIDADES,01-DISPONIBILIDADES,ALQ. GRAL. PAZ 253 PB A INT. 07xxxx2026 + A CTA 07xxxx2026,22,79,2026-08-10,200000.0,0.0,0.0,200000.0,SI
337,1,1390,4354,03-CREDITOS POR VENTAS,03-CREDITOS POR VENTAS,ALQ. BS.AS 575 9C 08xxxx2026,22,80,2026-08-10,0.0,-98000.0,-98000.0,0.0,SI
338,1,1,,01-DISPONIBILIDADES,01-DISPONIBILIDADES,ALQ. BS.AS 575 9C 08xxxx2026,22,80,2026-08-10,298000.0,0.0,0.0,298000.0,SI
339,1,3867,4533,03-CREDITOS POR VENTAS,03-CREDITOS POR VENTAS,PRADOS DEL LIB. A.W III L.13 CANC. ANT.,22,81,2026-08-10,0.0,-5150000.0,-5150000.0,0.0,SI
340,1,1,,01-DISPONIBILIDADES,01-DISPONIBILIDADES,PRADOS DEL LIB. A.W III L.13 CANC. ANT.,22,81,2026-08-10,5150000.0,0.0,0.0,5150000.0,SI
341,1,38,2238,01-CUENTAS POR PAGAR,01-CUENTAS POR PAGAR,O.P 23177,32,1,2026-08-10,392500.0,0.0,0.0,392500.0,SI
342,1,1393,1238,01-CUENTAS POR PAGAR,01-CUENTAS POR PAGAR,BCE. 146 5C COPIA LLAVE,32,2,2026-08-10,38000.0,0.0,0.0,38000.0,SI
343,1,1905,,02-INVERSIONES,02-INVERSIONES,GTO. POR TRANSF. L. A.W III L. 5,32,3,2026-08-10,5550.0,0.0,0.0,5550.0,SI
344,1,1905,,02-INVERSIONES,02-INVERSIONES,GTO. POR TRANSF. LOTE E.L II L.12 PRADOS DEL LIB.,32,4,2026-08-10,49750.0,0.0,0.0,49750.0,SI
345,1,1393,1238,01-CUENTAS POR PAGAR,01-CUENTAS POR PAGAR,CD Pedroni - Rend. Marcelo 10xxxx08xxxx2026,43,2,2026-08-10,47800.0,0.0,0.0,47800.0,SI
346,1,1390,1431,03-CREDITOS POR VENTAS,03-CREDITOS POR VENTAS,Alq MP 888 8 B 082026 Trans 10082026,22,1,2026-08-11,0.0,-35000.0,-35000.0,0.0,SI
347,1,1393,1238,01-CUENTAS POR PAGAR,01-CUENTAS POR PAGAR,Alq MP 888 8 B 082026 Trans 10082026,22,1,2026-08-11,355000.0,0.0,0.0,355000.0,SI
348,1,1390,3689,03-CREDITOS POR VENTAS,03-CREDITOS POR VENTAS,Alq Bs As 575 6 F 082026 Trans 10082026,22,2,2026-08-11,0.0,-79000.0,-79000.0,0.0,SI
349,1,1822,4452,03-CREDITOS POR VENTAS,03-CREDITOS POR VENTAS,PRADOS DEL LIB. L.20 08xxxx2026,22,3,2026-08-11,0.0,-957000.0,-957000.0,0.0,SI
350,1,1568,,01-RESULTADO ACTIVIDADES,01-RESULTADO ACTIVIDADES,PRADOS DEL LIB. L.20 08xxxx2026,22,3,2026-08-11,0.0,-6000.0,-6000.0,0.0,SI
351,1,1390,4311,03-CREDITOS POR VENTAS,03-CREDITOS POR VENTAS,ALQ.S.L 603 UNID. 3 LOCAL A CTA. 08xxxx2026 + INT. 08xxxx2026,22,4,2026-08-11,0.0,-273000.0,-273000.0,0.0,SI
352,1,1393,624,01-CUENTAS POR PAGAR,01-CUENTAS POR PAGAR,ALQ.S.L 603 UNID. 3 LOCAL A CTA. 08xxxx2026 + INT. 08xxxx2026,22,4,2026-08-11,0.0,-42000.0,-42000.0,0.0,SI
353,1,1347,4518,03-CREDITOS POR VENTAS,03-CREDITOS POR VENTAS,GRAL. PAZ 253 1F GTOS ADM.,22,5,2026-08-11,0.0,-175600.0,-175600.0,0.0,SI
354,1,1390,4152,03-CREDITOS POR VENTAS,03-CREDITOS POR VENTAS,ALQ. BS.AS 575 3D 08xxxx2026 + INT.,22,6,2026-08-11,0.0,-48000.0,-48000.0,0.0,SI
355,1,1393,650,01-CUENTAS POR PAGAR,01-CUENTAS POR PAGAR,ALQ. BS.AS 575 3D 08xxxx2026 + INT.,22,6,2026-08-11,0.0,-20000.0,-20000.0,0.0,SI
356,1,1390,4311,03-CREDITOS POR VENTAS,03-CREDITOS POR VENTAS,ALQ. S.L 603 LOCAL UNID. 3  SDO. 08xxxx2026,22,7,2026-08-11,0.0,-200000.0,-200000.0,0.0,SI
357,1,1390,4544,03-CREDITOS POR VENTAS,03-CREDITOS POR VENTAS,ALQ. MAIPU 605 5A 1xxxx2 MES 08xxxx2026 + DEP. GTÍA. + A CTA. GTOS ADM.,22,8,2026-08-11,0.0,-200000.0,-200000.0,0.0,SI
358,1,1391,4544,03-CREDITOS POR VENTAS,03-CREDITOS POR VENTAS,ALQ. MAIPU 605 5A 1xxxx2 MES 08xxxx2026 + DEP. GTÍA. + A CTA. GTOS ADM.,22,8,2026-08-11,0.0,-400000.0,-400000.0,0.0,SI
359,1,1347,4544,03-CREDITOS POR VENTAS,03-CREDITOS POR VENTAS,ALQ. MAIPU 605 5A 1xxxx2 MES 08xxxx2026 + DEP. GTÍA. + A CTA. GTOS ADM.,22,8,2026-08-11,0.0,-100000.0,-100000.0,0.0,SI
360,1,1390,4227,03-CREDITOS POR VENTAS,03-CREDITOS POR VENTAS,ALQ. BS.AS 575 5F 08xxxx2026 + INT.,22,9,2026-08-11,0.0,-270000.0,-270000.0,0.0,SI
361,1,1393,649,01-CUENTAS POR PAGAR,01-CUENTAS POR PAGAR,ALQ. BS.AS 575 5F 08xxxx2026 + INT.,22,9,2026-08-11,0.0,-16000.0,-16000.0,0.0,SI
362,1,1972,4447,03-CREDITOS POR VENTAS,03-CREDITOS POR VENTAS,U$820 DIVISADERO II L. 137 08xxxx2026,22,10,2026-08-11,0.0,-1217700.0,-1217700.0,0.0,SI
363,1,2,,01-DISPONIBILIDADES,01-DISPONIBILIDADES,U$820 DIVISADERO II L. 137 08xxxx2026,22,10,2026-08-11,1217700.0,0.0,0.0,1217700.0,SI
364,1,1390,3881,03-CREDITOS POR VENTAS,03-CREDITOS POR VENTAS,ALQ.  CORR. 133 1D 08xxxx2026 + CISI,22,11,2026-08-11,0.0,-600000.0,-600000.0,0.0,SI
365,1,1393,1425,01-CUENTAS POR PAGAR,01-CUENTAS POR PAGAR,ALQ.  CORR. 133 1D RED 08xxxx2026 + CISI,22,11,2026-08-11,0.0,-8.0,-8.0,0.0,SI
366,1,1390,4384,03-CREDITOS POR VENTAS,03-CREDITOS POR VENTAS,ALQ. MUÑ. 485 2F 08xxxx2026 + INT.,22,12,2026-08-11,0.0,-85000.0,-85000.0,0.0,SI
367,1,1393,2989,01-CUENTAS POR PAGAR,01-CUENTAS POR PAGAR,ALQ. MUÑ. 485 2F 08xxxx2026 + INT.,22,12,2026-08-11,0.0,-25000.0,-25000.0,0.0,SI
368,1,1390,3153,03-CREDITOS POR VENTAS,03-CREDITOS POR VENTAS,Alq SL 987 11 F 082026 + 5% - Trans 11082026,22,13,2026-08-11,0.0,-43000.0,-43000.0,0.0,SI
369,1,1393,624,01-CUENTAS POR PAGAR,01-CUENTAS POR PAGAR,Alq SL 987 11 F 082026 + 5% - Trans 11082026,22,13,2026-08-11,0.0,-22000.0,-22000.0,0.0,SI
370,1,1905,,02-INVERSIONES,02-INVERSIONES,VISITA PRADOS DEL LIB. (GCI),32,1,2026-08-11,40000.0,0.0,0.0,40000.0,SI
371,1,1972,4505,03-CREDITOS POR VENTAS,03-CREDITOS POR VENTAS,U$680 DIVISADERO II L.39 07xxxx2026,22,1,2026-08-12,0.0,-965600.0,-965600.0,0.0,SI
372,1,2,,01-DISPONIBILIDADES,01-DISPONIBILIDADES,U$680 DIVISADERO II L.39 07xxxx2026,22,1,2026-08-12,965600.0,0.0,0.0,965600.0,SI
373,1,3866,4336,03-CREDITOS POR VENTAS,03-CREDITOS POR VENTAS,PRADOS DEL LIB. L. 23 08xxxx2026,22,2,2026-08-12,0.0,-478000.0,-478000.0,0.0,SI
374,1,1568,,01-RESULTADO ACTIVIDADES,01-RESULTADO ACTIVIDADES,PRADOS DEL LIB. L. 23 08xxxx2026,22,2,2026-08-12,0.0,-6000.0,-6000.0,0.0,SI
375,1,1390,4463,03-CREDITOS POR VENTAS,03-CREDITOS POR VENTAS,ALQ. BS.AS 575 9D A CTA. 08xxxx2026 + INT.,22,3,2026-08-12,0.0,-13000.0,-13000.0,0.0,SI
376,1,1393,624,01-CUENTAS POR PAGAR,01-CUENTAS POR PAGAR,ALQ. BS.AS 575 9D A CTA. 08xxxx2026 + INT.,22,3,2026-08-12,0.0,-23000.0,-23000.0,0.0,SI
377,1,1972,4393,03-CREDITOS POR VENTAS,03-CREDITOS POR VENTAS,U$600 DIVISADERO II L.149 08xxxx2026,22,4,2026-08-12,0.0,-708000.0,-708000.0,0.0,SI
378,1,2,,01-DISPONIBILIDADES,01-DISPONIBILIDADES,U$600 DIVISADERO II L.149 08xxxx2026,22,4,2026-08-12,708000.0,0.0,0.0,708000.0,SI
379,1,1390,4338,03-CREDITOS POR VENTAS,03-CREDITOS POR VENTAS,Alq Gral Paz 253 4 E 082026 Trans 11082026,22,5,2026-08-12,0.0,-113000.0,-113000.0,0.0,SI
380,1,1393,114,01-CUENTAS POR PAGAR,01-CUENTAS POR PAGAR,Alq Gral Paz 253 4 E 082026 Trans 11082026,22,5,2026-08-12,343000.0,0.0,0.0,343000.0,SI
381,1,1390,4501,03-CREDITOS POR VENTAS,03-CREDITOS POR VENTAS,Alq Bs As 575 4 C 082026 Trans 03082026,22,6,2026-08-12,0.0,-330000.0,-330000.0,0.0,SI
382,1,1393,1730,01-CUENTAS POR PAGAR,01-CUENTAS POR PAGAR,Alq Bs As 575 4 C 082026 Trans 03082026,22,6,2026-08-12,330000.0,0.0,0.0,330000.0,SI
383,1,1390,4515,03-CREDITOS POR VENTAS,03-CREDITOS POR VENTAS,Alq Bs As 575 2 C 082026 + A cta 092026 + Sdo dif dep en gtia - Trans 10082026 11082026,22,7,2026-08-12,0.0,-330000.0,-330000.0,0.0,SI
384,1,1391,4515,03-CREDITOS POR VENTAS,03-CREDITOS POR VENTAS,Alq Bs As 575 2 C 082026 + A cta 092026 + Sdo dif dep en gtia - Trans 10082026 11082026,22,7,2026-08-12,0.0,-12500.0,-12500.0,0.0,SI
385,1,1393,1730,01-CUENTAS POR PAGAR,01-CUENTAS POR PAGAR,Alq Bs As 575 2 C 082026 + A cta 092026 + Sdo dif dep en gtia - Trans 10082026 11082026,22,7,2026-08-12,330000.0,0.0,0.0,330000.0,SI
386,1,1390,4209,03-CREDITOS POR VENTAS,03-CREDITOS POR VENTAS,Alq bs As 575 4 D 082026 Trans 10082026,22,8,2026-08-12,0.0,-350000.0,-350000.0,0.0,SI
387,1,1393,1730,01-CUENTAS POR PAGAR,01-CUENTAS POR PAGAR,Alq bs As 575 4 D 082026 Trans 10082026,22,8,2026-08-12,350000.0,0.0,0.0,350000.0,SI
388,1,1390,4388,03-CREDITOS POR VENTAS,03-CREDITOS POR VENTAS,Alq Gral Paz 253 6 F 082026 + 5 % Trans 10082026,22,9,2026-08-12,0.0,-86000.0,-86000.0,0.0,SI
389,1,1390,4330,03-CREDITOS POR VENTAS,03-CREDITOS POR VENTAS,Alq Bs As 575 10 B 082026 - Trans 10082026,22,10,2026-08-12,0.0,-97000.0,-97000.0,0.0,SI
390,1,1393,4065,01-CUENTAS POR PAGAR,01-CUENTAS POR PAGAR,Alq Bs As 575 10 B 082026 - Trans 10082026,22,10,2026-08-12,257000.0,0.0,0.0,257000.0,SI
391,1,1390,4341,03-CREDITOS POR VENTAS,03-CREDITOS POR VENTAS,Alq Bs As 575 2 B 082026 Trans 10082026,22,11,2026-08-12,0.0,-98000.0,-98000.0,0.0,SI
392,1,1393,4065,01-CUENTAS POR PAGAR,01-CUENTAS POR PAGAR,Alq Bs As 575 2 B 082026 Trans 10082026,22,11,2026-08-12,298000.0,0.0,0.0,298000.0,SI
393,1,3866,4545,03-CREDITOS POR VENTAS,03-CREDITOS POR VENTAS,PRADOS DEL LIB. G.C.I III L.26 A CTA. TERRENO (U$900 A $1.530),22,12,2026-08-12,0.0,-1377000.0,-1377000.0,0.0,SI
394,1,2,,01-DISPONIBILIDADES,01-DISPONIBILIDADES,PRADOS DEL LIB. G.C.I III L.26 A CTA. TERRENO (U$900 A $1.530),22,12,2026-08-12,1377000.0,0.0,0.0,1377000.0,SI
395,1,1390,4366,03-CREDITOS POR VENTAS,03-CREDITOS POR VENTAS,Alq Bs As 575 8 B 082026 Trans 03082026,22,13,2026-08-12,0.0,-124000.0,-124000.0,0.0,SI
396,1,1393,3438,01-CUENTAS POR PAGAR,01-CUENTAS POR PAGAR,Alq Bs As 575 8 B 082026 Trans 03082026,22,13,2026-08-12,374000.0,0.0,0.0,374000.0,SI
397,1,1390,4356,03-CREDITOS POR VENTAS,03-CREDITOS POR VENTAS,Alq Bs As 575 4 F 082026 Trans 10082026,22,14,2026-08-12,0.0,-79000.0,-79000.0,0.0,SI
398,1,1393,3438,01-CUENTAS POR PAGAR,01-CUENTAS POR PAGAR,Alq Bs As 575 4 F 082026 Trans 10082026,22,14,2026-08-12,239000.0,0.0,0.0,239000.0,SI
399,1,1390,4321,03-CREDITOS POR VENTAS,03-CREDITOS POR VENTAS,Alq Gral Paz 253 2 A 082026 Trans 10082026,22,15,2026-08-12,0.0,-125000.0,-125000.0,0.0,SI
400,1,1393,3438,01-CUENTAS POR PAGAR,01-CUENTAS POR PAGAR,Alq Gral Paz 253 2 A 082026 Trans 10082026,22,15,2026-08-12,325000.0,0.0,0.0,325000.0,SI
401,1,1393,1920,01-CUENTAS POR PAGAR,01-CUENTAS POR PAGAR,S.L 987 2 E-CERRAJERIA,32,1,2026-08-12,35000.0,0.0,0.0,35000.0,SI
402,1,1393,650,01-CUENTAS POR PAGAR,01-CUENTAS POR PAGAR,SAT 05xxxx2026 BSAS 575 3G - Rend. Marcelo 12xxxx08xxxx2026,43,2,2026-08-12,21433.59,0.0,0.0,21433.59,SI
403,1,1393,704,01-CUENTAS POR PAGAR,01-CUENTAS POR PAGAR,Rend. Marcelo 12xxxx08xxxx2026,43,2,2026-08-12,726000.0,0.0,0.0,726000.0,SI
404,1,1393,2383,01-CUENTAS POR PAGAR,01-CUENTAS POR PAGAR,Rend. Marcelo 12xxxx08xxxx2026,43,2,2026-08-12,319500.0,0.0,0.0,319500.0,SI
405,1,1972,4398,03-CREDITOS POR VENTAS,03-CREDITOS POR VENTAS,U$700 DIVISADERO II L. 136 08xxxx2026,22,1,2026-08-13,0.0,-833000.0,-833000.0,0.0,SI
406,1,3868,4538,03-CREDITOS POR VENTAS,03-CREDITOS POR VENTAS,PRADOS DEL LIB. E.L II L.44 A CTA. ANTICIPO,22,2,2026-08-13,0.0,-2500000.0,-2500000.0,0.0,SI
407,1,1390,4507,03-CREDITOS POR VENTAS,03-CREDITOS POR VENTAS,ALQ. #300 3F + COCH. 25 08xxxx2026,22,3,2026-08-13,0.0,-800000.0,-800000.0,0.0,SI
408,1,1972,4546,03-CREDITOS POR VENTAS,03-CREDITOS POR VENTAS,U$1.000 DIVISADERO II L. 163 (364 M2) A CTA. ANTICIPO,22,5,2026-08-13,0.0,-1535000.0,-1535000.0,0.0,SI
409,1,3866,4547,03-CREDITOS POR VENTAS,03-CREDITOS POR VENTAS,PRADOS DEL LIB.G.C.I III L.27 A CTA. ANTICIPO,22,6,2026-08-13,0.0,-1500000.0,-1500000.0,0.0,SI
410,1,1393,4065,01-CUENTAS POR PAGAR,01-CUENTAS POR PAGAR,Alq Bs As 575 10 E A cta int xxxx 062026 -Trans 06082026,22,7,2026-08-13,0.0,-100000.0,-100000.0,0.0,SI
411,1,1390,4506,03-CREDITOS POR VENTAS,03-CREDITOS POR VENTAS,ALQ. LAP. 416 2B 08xxxx2026 + IN.,32,1,2026-08-13,0.0,-410000.0,-410000.0,0.0,SI
412,1,1393,1831,01-CUENTAS POR PAGAR,01-CUENTAS POR PAGAR,LIQ. PROP. CABRERA JUAN C. 08xxxx2026,32,2,2026-08-13,1552500.0,0.0,0.0,1552500.0,SI
413,1,1393,649,01-CUENTAS POR PAGAR,01-CUENTAS POR PAGAR,REINT. ALQ. #300 3C M.C.I,32,3,2026-08-13,848000.0,0.0,0.0,848000.0,SI
414,1,1393,1425,01-CUENTAS POR PAGAR,01-CUENTAS POR PAGAR,MONT. 847 7A ARREGLO PUERTA PLACARD,32,4,2026-08-13,20000.0,0.0,0.0,20000.0,SI
415,1,1905,,02-INVERSIONES,02-INVERSIONES,GTO.X TRANSF. PRADOS DEL LIB. L.27 GCI III,32,5,2026-08-13,7500.0,0.0,0.0,7500.0,SI
416,1,1,,01-DISPONIBILIDADES,01-DISPONIBILIDADES,GTO.X TRANSF. PRADOS DEL LIB. L.27 GCI III,32,5,2026-08-13,0.0,-7500.0,-7500.0,0.0,SI
417,1,1393,1879,01-CUENTAS POR PAGAR,01-CUENTAS POR PAGAR,EXP 08xxxx2026 PYB LOTE 39 - Rend. Marcelo 13xxxx08xxxx2026,43,3,2026-08-13,159304.39,0.0,0.0,159304.39,SI
418,1,3855,,02-GASTOS DE ESTRUCUTURA,02-GASTOS DE ESTRUCUTURA,DIF DEP EXP PYB - Rend. Marcelo 13xxxx08xxxx2026,43,3,2026-08-13,423.63,0.0,0.0,423.63,SI
419,1,1393,624,01-CUENTAS POR PAGAR,01-CUENTAS POR PAGAR,Exp. 08xxxx26 BsAs 575 1F - Rend. Marcelo 13xxxx08xxxx2026,43,3,2026-08-13,68659.0,0.0,0.0,68659.0,SI
420,1,1393,650,01-CUENTAS POR PAGAR,01-CUENTAS POR PAGAR,Exp. 08xxxx26 BsAs 575 3G - Rend. Marcelo 13xxxx08xxxx2026,43,3,2026-08-13,66910.0,0.0,0.0,66910.0,SI
421,1,1393,1730,01-CUENTAS POR PAGAR,01-CUENTAS POR PAGAR,Exp. 08xxxx26 BsAs 575 4A - Rend. Marcelo 13xxxx08xxxx2026,43,3,2026-08-13,83786.0,0.0,0.0,83786.0,SI
422,1,1344,3911,01-CUENTAS POR PAGAR,01-CUENTAS POR PAGAR,Rend. Marcelo 13xxxx08xxxx2026,43,3,2026-08-13,53200.0,0.0,0.0,53200.0,SI
423,1,1344,4541,01-CUENTAS POR PAGAR,01-CUENTAS POR PAGAR,Rend. Marcelo 13xxxx08xxxx2026,43,3,2026-08-13,61600.0,0.0,0.0,61600.0,SI
424,1,1344,4531,01-CUENTAS POR PAGAR,01-CUENTAS POR PAGAR,Rend. Marcelo 13xxxx08xxxx2026,43,3,2026-08-13,103600.0,0.0,0.0,103600.0,SI
425,1,1393,2909,01-CUENTAS POR PAGAR,01-CUENTAS POR PAGAR,Rend. Marcelo 13xxxx08xxxx2026,43,3,2026-08-13,758700.0,0.0,0.0,758700.0,SI
426,1,1393,3054,01-CUENTAS POR PAGAR,01-CUENTAS POR PAGAR,Rend. Marcelo 13xxxx08xxxx2026,43,3,2026-08-13,349200.0,0.0,0.0,349200.0,SI
427,1,1393,2958,01-CUENTAS POR PAGAR,01-CUENTAS POR PAGAR,Rend. Marcelo 13xxxx08xxxx2026,43,3,2026-08-13,274500.0,0.0,0.0,274500.0,SI
428,1,1390,4417,03-CREDITOS POR VENTAS,03-CREDITOS POR VENTAS,ALQ. BS.AS 575 10D A CTA. 07xxxx2026 (COBRO JUDICIAL),22,1,2026-08-14,0.0,-200000.0,-200000.0,0.0,SI
429,1,1344,4453,01-CUENTAS POR PAGAR,01-CUENTAS POR PAGAR,ALQ. GRAL. PAZ 253 6A EXP. PEND.A 07xxxx2026 + A CTA. GTOS. ADM.,22,2,2026-08-14,0.0,-270710.0,-270710.0,0.0,SI
430,1,1347,4453,03-CREDITOS POR VENTAS,03-CREDITOS POR VENTAS,ALQ. GRAL. PAZ 253 6A EXP. PEND.A 07xxxx2026 + A CTA. GTOS. ADM.,22,2,2026-08-14,0.0,-109290.0,-109290.0,0.0,SI
431,1,1972,4430,03-CREDITOS POR VENTAS,03-CREDITOS POR VENTAS,U$640 DIVISADERO II L.35 SDO. 08xxxx2026,22,3,2026-08-14,0.0,-992000.0,-992000.0,0.0,SI
432,1,2,,01-DISPONIBILIDADES,01-DISPONIBILIDADES,U$640 DIVISADERO II L.35 SDO. 08xxxx2026,22,3,2026-08-14,992000.0,0.0,0.0,992000.0,SI
433,1,1972,4429,03-CREDITOS POR VENTAS,03-CREDITOS POR VENTAS,U$700 DIVISADERO II L.34 SDO. 08xxxx2026 + A CTA. 09xxxx2026,22,4,2026-08-14,0.0,-996600.0,-996600.0,0.0,SI
434,1,1390,4257,03-CREDITOS POR VENTAS,03-CREDITOS POR VENTAS,Alq Santiago 711 8 C 082026 Trans 08082026,22,5,2026-08-14,0.0,-400000.0,-400000.0,0.0,SI
435,1,1393,4256,01-CUENTAS POR PAGAR,01-CUENTAS POR PAGAR,Alq Santiago 711 8 C 082026 Trans 08082026,22,5,2026-08-14,400000.0,0.0,0.0,400000.0,SI
436,1,1347,4544,03-CREDITOS POR VENTAS,03-CREDITOS POR VENTAS,MAIPU 605 5A SELLADO + A CTA. GTOS. ADM.,22,6,2026-08-14,0.0,-238400.0,-238400.0,0.0,SI
437,1,1344,4544,01-CUENTAS POR PAGAR,01-CUENTAS POR PAGAR,MAIPU 605 5A SELLADO + A CTA. GTOS. ADM.,22,6,2026-08-14,0.0,-61600.0,-61600.0,0.0,SI
438,1,1390,4110,03-CREDITOS POR VENTAS,03-CREDITOS POR VENTAS,ALQ. CONGRESO 561 7D 08xxxx2026 + INT.,22,7,2026-08-14,0.0,-36000.0,-36000.0,0.0,SI
439,1,1393,2989,01-CUENTAS POR PAGAR,01-CUENTAS POR PAGAR,ALQ. CONGRESO 561 7D 08xxxx2026 + INT.,22,7,2026-08-14,0.0,-27000.0,-27000.0,0.0,SI
440,1,1390,3920,03-CREDITOS POR VENTAS,03-CREDITOS POR VENTAS,ALQ. MONT. 847 6B A CTA. 08xxxx2026 + CISI,22,8,2026-08-14,0.0,-5368.0,-5368.0,0.0,SI
441,1,1393,1425,01-CUENTAS POR PAGAR,01-CUENTAS POR PAGAR,ALQ. MONT. 847 6B RED. A CTA. 08xxxx2026 + CISI,22,8,2026-08-14,0.0,-32.0,-32.0,0.0,SI
442,1,1390,3640,03-CREDITOS POR VENTAS,03-CREDITOS POR VENTAS,ALQ. LAMADRID 264 4A 08xxxx2026,22,9,2026-08-14,0.0,-109000.0,-109000.0,0.0,SI
443,1,1390,4217,03-CREDITOS POR VENTAS,03-CREDITOS POR VENTAS,A CTA ALQ 08xxxx2026 + INT GRAL PAZ 253 PB B,22,11,2026-08-14,0.0,-310600.0,-310600.0,0.0,SI
444,1,1390,4548,03-CREDITOS POR VENTAS,03-CREDITOS POR VENTAS,ALQ SL 515 3A 1xxxx2 08xxxx2026 + DEP GTIA + SELLADO Y A CTA GTOS ADM,22,12,2026-08-14,0.0,-400000.0,-400000.0,0.0,SI
445,1,1391,4548,03-CREDITOS POR VENTAS,03-CREDITOS POR VENTAS,ALQ SL 515 3A 1xxxx2 08xxxx2026 + DEP GTIA + SELLADO Y A CTA GTOS ADM,22,12,2026-08-14,0.0,-800000.0,-800000.0,0.0,SI
446,1,1344,4548,01-CUENTAS POR PAGAR,01-CUENTAS POR PAGAR,ALQ SL 515 3A 1xxxx2 08xxxx2026 + DEP GTIA + SELLADO Y A CTA GTOS ADM,22,12,2026-08-14,0.0,-109600.0,-109600.0,0.0,SI
447,1,1347,4548,03-CREDITOS POR VENTAS,03-CREDITOS POR VENTAS,ALQ SL 515 3A 1xxxx2 08xxxx2026 + DEP GTIA + SELLADO Y A CTA GTOS ADM,22,12,2026-08-14,0.0,-210400.0,-210400.0,0.0,SI
448,1,1390,2725,03-CREDITOS POR VENTAS,03-CREDITOS POR VENTAS,ALQ SGO 915 6B 08xxxx2026,22,14,2026-08-14,0.0,-250000.0,-250000.0,0.0,SI
449,1,1390,4127,03-CREDITOS POR VENTAS,03-CREDITOS POR VENTAS,ALQ 08xxxx2026 MARCOS PAZ 888 4 D + CISI,22,15,2026-08-14,0.0,-5368.0,-5368.0,0.0,SI
450,1,1393,1425,01-CUENTAS POR PAGAR,01-CUENTAS POR PAGAR,ALQ 08xxxx2026 MARCOS PAZ 888 4 D + CISI,22,15,2026-08-14,0.0,-32.0,-32.0,0.0,SI
451,1,38,2551,01-CUENTAS POR PAGAR,01-CUENTAS POR PAGAR,O.P 23218,32,1,2026-08-14,360000.0,0.0,0.0,360000.0,SI
452,1,1393,649,01-CUENTAS POR PAGAR,01-CUENTAS POR PAGAR,#300 2E LIMPIEZA,32,2,2026-08-14,16800.0,0.0,0.0,16800.0,SI
453,1,1344,4453,01-CUENTAS POR PAGAR,01-CUENTAS POR PAGAR,Rend. Marcelo 14xxxx08xxxx2026,43,3,2026-08-14,270710.0,0.0,0.0,270710.0,SI
454,1,1393,4370,01-CUENTAS POR PAGAR,01-CUENTAS POR PAGAR,Rend. Marcelo 14xxxx08xxxx2026,43,3,2026-08-14,670500.0,0.0,0.0,670500.0,SI
455,1,1393,1260,01-CUENTAS POR PAGAR,01-CUENTAS POR PAGAR,Rend. Marcelo 14xxxx08xxxx2026,43,3,2026-08-14,907067.73,0.0,0.0,907067.73,SI
456,1,1393,1920,01-CUENTAS POR PAGAR,01-CUENTAS POR PAGAR,Rend. Marcelo 14xxxx08xxxx2026,43,3,2026-08-14,513320.0,0.0,0.0,513320.0,SI
457,1,1393,2249,01-CUENTAS POR PAGAR,01-CUENTAS POR PAGAR,Rend. Marcelo 14xxxx08xxxx2026,43,3,2026-08-14,296100.0,0.0,0.0,296100.0,SI
458,1,1347,2118,03-CREDITOS POR VENTAS,03-CREDITOS POR VENTAS,Pollano Sanit Junin 616  - Rend. Marcelo 14xxxx08xxxx2026,43,3,2026-08-14,86500.0,0.0,0.0,86500.0,SI
459,1,1344,2118,01-CUENTAS POR PAGAR,01-CUENTAS POR PAGAR,Pollano Sanit Junin 616  - Rend. Marcelo 14xxxx08xxxx2026,43,3,2026-08-14,10500.0,0.0,0.0,10500.0,SI
460,1,1390,3549,03-CREDITOS POR VENTAS,03-CREDITOS POR VENTAS,ALQ. SGO. 711 8B 08xxxx2026,22,1,2026-08-18,0.0,-47000.0,-47000.0,0.0,SI
461,1,1390,4205,03-CREDITOS POR VENTAS,03-CREDITOS POR VENTAS,Alq Bce 146 1 H 082026 Trans 15082026,22,2,2026-08-18,0.0,-49000.0,-49000.0,0.0,SI
462,1,1393,1238,01-CUENTAS POR PAGAR,01-CUENTAS POR PAGAR,Alq Bce 146 1 H 082026 Trans 15082026,22,2,2026-08-18,449000.0,0.0,0.0,449000.0,SI
463,1,3866,4281,03-CREDITOS POR VENTAS,03-CREDITOS POR VENTAS,PRADOS DEL LIB.L. 33 CUOTAS 07xxxx2026,22,3,2026-08-18,0.0,-489000.0,-489000.0,0.0,SI
464,1,1390,4372,03-CREDITOS POR VENTAS,03-CREDITOS POR VENTAS,Alq Bs As 575 10 E 062026 + sdo intereses - Trans 18082026,22,4,2026-08-18,0.0,-82000.0,-82000.0,0.0,SI
465,1,1390,3432,03-CREDITOS POR VENTAS,03-CREDITOS POR VENTAS,S.L 987 COCH. 6 08xxxx2026,22,5,2026-08-18,0.0,-25000.0,-25000.0,0.0,SI
466,1,3868,4510,03-CREDITOS POR VENTAS,03-CREDITOS POR VENTAS,PRADOS DEL LIB. E.L II L. 43 COMP. ANTICIPO + C. 08xxxx2026,22,6,2026-08-18,0.0,-3800000.0,-3800000.0,0.0,SI
467,1,1390,4502,03-CREDITOS POR VENTAS,03-CREDITOS POR VENTAS,ALQ. CORR. 133 MONO 08xxxx2026,22,7,2026-08-18,0.0,-330000.0,-330000.0,0.0,SI
468,1,3867,4360,03-CREDITOS POR VENTAS,03-CREDITOS POR VENTAS,PRADOS DEL LIB. L. 43 INT. 06xxxx2026 + SDO. 06xxxx2026 + INT. 07xxxx2026 + A CTA. 07xxxx2026,22,8,2026-08-18,0.0,-369000.0,-369000.0,0.0,SI
469,1,1568,,01-RESULTADO ACTIVIDADES,01-RESULTADO ACTIVIDADES,PRADOS DEL LIB. L. 43 INT. 06xxxx2026 + SDO. 06xxxx2026 + INT. 07xxxx2026 + A CTA. 07xxxx2026,22,8,2026-08-18,0.0,-72000.0,-72000.0,0.0,SI
470,1,1390,4374,03-CREDITOS POR VENTAS,03-CREDITOS POR VENTAS,ALQ. LAP. 416 6D 07xxxx2026 + 08xxxx2026,22,9,2026-08-18,0.0,-350000.0,-350000.0,0.0,SI
471,1,3867,4421,03-CREDITOS POR VENTAS,03-CREDITOS POR VENTAS,PRADOS DEL LIB. L. 8 08xxxx2026,22,10,2026-08-18,0.0,-995000.0,-995000.0,0.0,SI
472,1,3867,4298,03-CREDITOS POR VENTAS,03-CREDITOS POR VENTAS,PDL LOTE 46 08xxxx2026,22,11,2026-08-18,0.0,-393000.0,-393000.0,0.0,SI
473,1,1390,3927,03-CREDITOS POR VENTAS,03-CREDITOS POR VENTAS,SL 987 2E 1xxxx2 08-2026 + DEP GTIS + GTOS ADM,22,12,2026-08-18,0.0,-150000.0,-150000.0,0.0,SI
474,1,1391,3927,03-CREDITOS POR VENTAS,03-CREDITOS POR VENTAS,SL 987 2E 1xxxx2 08-2026 + DEP GTIS + GTOS ADM,22,12,2026-08-18,0.0,-300000.0,-300000.0,0.0,SI
475,1,1347,3927,03-CREDITOS POR VENTAS,03-CREDITOS POR VENTAS,SL 987 2E 1xxxx2 08-2026 + DEP GTIS + GTOS ADM,22,12,2026-08-18,0.0,-150000.0,-150000.0,0.0,SI
476,1,1393,1425,01-CUENTAS POR PAGAR,01-CUENTAS POR PAGAR,M.P 888 EXPENSAS EXT.,32,1,2026-08-18,377000.0,0.0,0.0,377000.0,SI
477,1,38,4255,01-CUENTAS POR PAGAR,01-CUENTAS POR PAGAR,LIQ. 9 ZONA M.C.I PRADOS DEL LIB. SDO. O.P 22317,32,2,2026-08-18,800000.0,0.0,0.0,800000.0,SI
478,1,1393,4528,01-CUENTAS POR PAGAR,01-CUENTAS POR PAGAR,LIQ. PROP. JALIL PATRICIA 08xxxx2026,32,3,2026-08-18,524000.0,0.0,0.0,524000.0,SI
479,1,131,470,04-OTRAS DEUDAS,04-OTRAS DEUDAS,PAGO SUELDO G.C.I 06xxxx2026 U$1.375xxxx48,36,6,2026-08-18,2076979.98,0.0,0.0,2076979.98,SI
480,1,2,,01-DISPONIBILIDADES,01-DISPONIBILIDADES,PAGO SUELDO G.C.I 06xxxx2026 U$1.375xxxx48,36,6,2026-08-18,0.0,-2076979.98,-2076979.98,0.0,SI
481,1,1393,2989,01-CUENTAS POR PAGAR,01-CUENTAS POR PAGAR,Rend. Marcelo 18xxxx08xxxx2026,43,3,2026-08-18,705600.0,0.0,0.0,705600.0,SI
482,1,3867,4517,03-CREDITOS POR VENTAS,03-CREDITOS POR VENTAS,PRADOS DEL LIB.  A.W III L.21 CANC. TERRENO,22,1,2026-08-19,0.0,-8600000.0,-8600000.0,0.0,SI
483,1,3866,4549,03-CREDITOS POR VENTAS,03-CREDITOS POR VENTAS,PRADOS DEL LIB. G.C.I III L.28 ANTICIPO (TRANSF.),22,2,2026-08-19,0.0,-2000000.0,-2000000.0,0.0,SI
484,1,1972,4546,03-CREDITOS POR VENTAS,03-CREDITOS POR VENTAS,DIVISADERO II L.163 COMP. ANTICIPO U$16.000,22,3,2026-08-19,0.0,-24560000.0,-24560000.0,0.0,SI
485,1,1390,4460,03-CREDITOS POR VENTAS,03-CREDITOS POR VENTAS,Alq bs As 575 5 A 082026 - Trans 10082026,22,4,2026-08-19,0.0,-27000.0,-27000.0,0.0,SI
486,1,1393,1730,01-CUENTAS POR PAGAR,01-CUENTAS POR PAGAR,Alq bs As 575 5 A 082026 - Trans 10082026,22,4,2026-08-19,277000.0,0.0,0.0,277000.0,SI
487,1,3867,4442,03-CREDITOS POR VENTAS,03-CREDITOS POR VENTAS,PRADOS DEL LIB. L. 49 08xxxx2026,22,5,2026-08-19,0.0,-1004000.0,-1004000.0,0.0,SI
488,1,1393,4378,01-CUENTAS POR PAGAR,01-CUENTAS POR PAGAR,DEV.DE LIQ. PROP. BOLSI FRANCISCO 08xxxx2026,22,6,2026-08-19,0.0,-287000.0,-287000.0,0.0,SI
489,1,1390,4079,03-CREDITOS POR VENTAS,03-CREDITOS POR VENTAS,ALQ. BCE. 146 1F SDO. 08xxxx2026 + INT. 08xxxx2026,22,7,2026-08-19,0.0,-25000.0,-25000.0,0.0,SI
490,1,1393,1238,01-CUENTAS POR PAGAR,01-CUENTAS POR PAGAR,ALQ. BCE. 146 1F SDO. 08xxxx2026 + INT. 08xxxx2026,22,7,2026-08-19,0.0,-2000.0,-2000.0,0.0,SI
491,1,3867,4266,03-CREDITOS POR VENTAS,03-CREDITOS POR VENTAS,PRADOS DEL LIB. L. 41 INT. 05xxxx2026 + A CTA. 05xxxx2026,22,8,2026-08-19,0.0,-221000.0,-221000.0,0.0,SI
492,1,1390,110,03-CREDITOS POR VENTAS,03-CREDITOS POR VENTAS,ALQ. 24 SEP. 194 LOCAL SDO. 07xxxx2026 + A CTA. 08xxxx2026,22,9,2026-08-19,0.0,-369859.67,-369859.67,0.0,SI
493,1,15,110,03-CREDITOS POR VENTAS,03-CREDITOS POR VENTAS,ALQ. 24 SEP. 194 LOCAL SDO. 07xxxx2026 + A CTA. 08xxxx2026 BANCO SUCREDITO REG S.A.U.,22,9,2026-08-19,653434.0,0.0,0.0,653434.0,SI
494,1,1393,2366,01-CUENTAS POR PAGAR,01-CUENTAS POR PAGAR,LIQ. PROP. CONCHA BOCANEGRA 08xxxx2026,32,1,2026-08-19,818900.0,0.0,0.0,818900.0,SI
495,1,1393,650,01-CUENTAS POR PAGAR,01-CUENTAS POR PAGAR,BS.AS 575 3G ARREGLO PUERTA PLACARD,32,2,2026-08-19,20000.0,0.0,0.0,20000.0,SI
496,1,1393,2006,01-CUENTAS POR PAGAR,01-CUENTAS POR PAGAR,LIQ. PROP. LAROZ ALEJANDRO 08xxxx2026,32,3,2026-08-19,266400.0,0.0,0.0,266400.0,SI
497,1,1393,1238,01-CUENTAS POR PAGAR,01-CUENTAS POR PAGAR,BCE. 146 1G CBIO. CERRADURAxxxxAPERTURA DPTO,32,5,2026-08-19,185000.0,0.0,0.0,185000.0,SI
498,1,1344,4547,01-CUENTAS POR PAGAR,01-CUENTAS POR PAGAR,PRADOS DEL LIB. L.27 SELLADO,22,1,2026-08-20,0.0,-183000.0,-183000.0,0.0,SI
499,1,3866,4547,03-CREDITOS POR VENTAS,03-CREDITOS POR VENTAS,PRADOS DEL LIB. G.C.I III L.27 COMP. ANTICIPO,22,2,2026-08-20,0.0,-13500000.0,-13500000.0,0.0,SI
500,1,1390,4498,03-CREDITOS POR VENTAS,03-CREDITOS POR VENTAS,ALQ. GRAL. PAZ 253 8F 08xxxx2026,22,3,2026-08-20,0.0,-380000.0,-380000.0,0.0,SI
501,1,3866,3755,03-CREDITOS POR VENTAS,03-CREDITOS POR VENTAS,PRADOS DEL LIB. L. 20 A CTA. 08xxxx2026,22,4,2026-08-20,0.0,-300000.0,-300000.0,0.0,SI
502,1,1393,3964,01-CUENTAS POR PAGAR,01-CUENTAS POR PAGAR,LIQ. PROP. MENDY GRACIELA 08xxxx2026,32,2,2026-08-20,882277.92,0.0,0.0,882277.92,SI
503,1,1393,615,01-CUENTAS POR PAGAR,01-CUENTAS POR PAGAR,BCE. 830 4A CBIO. CERRADURA,32,3,2026-08-20,90000.0,0.0,0.0,90000.0,SI
504,1,1284,,02-GASTOS DE ESTRUCUTURA,02-GASTOS DE ESTRUCUTURA,PAGO MULTA UOCRA BATIA - Rend. Marcelo 20xxxx08xxxx2026,42,5,2026-08-20,9211.21,0.0,0.0,9211.21,SI
505,1,3870,,01-DISPONIBILIDADES,01-DISPONIBILIDADES,Rend. Marcelo 20xxxx08xxxx2026,42,5,2026-08-20,0.0,-82487.76,-82487.76,0.0,SI
506,1,1393,2238,01-CUENTAS POR PAGAR,01-CUENTAS POR PAGAR,Rend. Marcelo 20xxxx08xxxx2026,43,2,2026-08-20,305100.0,0.0,0.0,305100.0,SI
507,1,1393,1879,01-CUENTAS POR PAGAR,01-CUENTAS POR PAGAR,Rend. Marcelo 20xxxx08xxxx2026,43,2,2026-08-20,42155.72,0.0,0.0,42155.72,SI
508,1,1390,4211,03-CREDITOS POR VENTAS,03-CREDITOS POR VENTAS,ALQ. PIEDRAS 302 2B 08xxxx2026,22,1,2026-08-21,0.0,-430000.0,-430000.0,0.0,SI
509,1,1390,4527,03-CREDITOS POR VENTAS,03-CREDITOS POR VENTAS,ALQ. LAP. 416 1C 09xxxx2026,22,2,2026-08-21,0.0,-420000.0,-420000.0,0.0,SI
510,1,1390,4479,03-CREDITOS POR VENTAS,03-CREDITOS POR VENTAS,ALQ. LAP. 416 5B SDO. 08xxxx2026 + INT.,22,3,2026-08-21,0.0,-55000.0,-55000.0,0.0,SI
511,1,3867,4532,03-CREDITOS POR VENTAS,03-CREDITOS POR VENTAS,PRADOS DEL LIB. A.W III L.12 CANC. ANTICIPO,22,4,2026-08-21,0.0,-4500000.0,-4500000.0,0.0,SI
512,1,1390,3661,03-CREDITOS POR VENTAS,03-CREDITOS POR VENTAS,Alq Bs As 575 2 F 082026 Trans 06082026,22,5,2026-08-21,0.0,-79000.0,-79000.0,0.0,SI
513,1,3883,469,04-OTROS CREDITOS,04-OTROS CREDITOS,U$10.000 A.W RINDE (DE VTA ZOTTOLA PAREJA 01xxxx06xxxx26),22,6,2026-08-21,0.0,-14200000.0,-14200000.0,0.0,SI
514,1,2,,01-DISPONIBILIDADES,01-DISPONIBILIDADES,U$10.000 A.W RINDE (DE VTA ZOTTOLA PAREJA 01xxxx06xxxx26),22,6,2026-08-21,14200000.0,0.0,0.0,14200000.0,SI
515,1,1390,4480,03-CREDITOS POR VENTAS,03-CREDITOS POR VENTAS,Alq Bs As 575 8 C 082026 + 5% - Trans 06082026,22,7,2026-08-21,0.0,-39000.0,-39000.0,0.0,SI
516,1,1393,4256,01-CUENTAS POR PAGAR,01-CUENTAS POR PAGAR,LIQ. PROP. PAEZ SILVANAxxxxPAEZ ALVAROxxxxVENEGAS A.,32,1,2026-08-21,176000.0,0.0,0.0,176000.0,SI
517,1,1393,2258,01-CUENTAS POR PAGAR,01-CUENTAS POR PAGAR,LIQ. PROP. PAEZ SILVANAxxxxPAEZ ALVAROxxxxVENEGAS A.,32,1,2026-08-21,393300.0,0.0,0.0,393300.0,SI
518,1,1393,2912,01-CUENTAS POR PAGAR,01-CUENTAS POR PAGAR,LIQ. PROP. PAEZ SILVANAxxxxPAEZ ALVAROxxxxVENEGAS A.,32,1,2026-08-21,642863.34,0.0,0.0,642863.34,SI
519,1,1393,1425,01-CUENTAS POR PAGAR,01-CUENTAS POR PAGAR,MONT. 847 7A-ARREGLOS ELIAS,32,2,2026-08-21,20000.0,0.0,0.0,20000.0,SI
520,1,1393,1920,01-CUENTAS POR PAGAR,01-CUENTAS POR PAGAR,S.L 987 2E-ARREGLOS ELIAS,32,2,2026-08-21,18098.6,0.0,0.0,18098.6,SI
521,1,1393,1920,01-CUENTAS POR PAGAR,01-CUENTAS POR PAGAR,S.L 987 5E LIMPIEZA NANCY,32,5,2026-08-21,4500.0,0.0,0.0,4500.0,SI
522,1,2124,,01-DISPONIBILIDADES,01-DISPONIBILIDADES,U$10.000 A.W LLEVA A C.S EMP.(VTA. ZOTTOLA PAREJA 01xxxx06xxxx26),32,6,2026-08-21,14200000.0,0.0,0.0,14200000.0,SI
523,1,2,,01-DISPONIBILIDADES,01-DISPONIBILIDADES,U$10.000 A.W LLEVA A C.S EMP.(VTA. ZOTTOLA PAREJA 01xxxx06xxxx26),32,6,2026-08-21,0.0,-14200000.0,-14200000.0,0.0,SI
524,1,1344,4544,01-CUENTAS POR PAGAR,01-CUENTAS POR PAGAR,Rend. Marcelo 21xxxx08xxxx2026,43,2,2026-08-21,61600.0,0.0,0.0,61600.0,SI
525,1,1344,3302,01-CUENTAS POR PAGAR,01-CUENTAS POR PAGAR,Rend. Marcelo 21xxxx08xxxx2026,43,2,2026-08-21,53200.0,0.0,0.0,53200.0,SI
526,1,1344,4548,01-CUENTAS POR PAGAR,01-CUENTAS POR PAGAR,Rend. Marcelo 21xxxx08xxxx2026,43,2,2026-08-21,109600.0,0.0,0.0,109600.0,SI
527,1,1390,4377,03-CREDITOS POR VENTAS,03-CREDITOS POR VENTAS,Alq Bs As 575 6 A 072026 + int - Trans 22082026,22,1,2026-08-24,0.0,-88000.0,-88000.0,0.0,SI
528,1,1390,4552,03-CREDITOS POR VENTAS,03-CREDITOS POR VENTAS,ALQ. BS.AS 575 1F 09xxxx2026,22,2,2026-08-24,0.0,-250000.0,-250000.0,0.0,SI
529,1,1390,4436,03-CREDITOS POR VENTAS,03-CREDITOS POR VENTAS,ALQ. BS.AS 575 5B SDO. 07xxxx2026 + INT. 07xxxx2026+ 08xxxx2026,22,3,2026-08-24,0.0,-26000.0,-26000.0,0.0,SI
530,1,1393,649,01-CUENTAS POR PAGAR,01-CUENTAS POR PAGAR,ALQ. BS.AS 575 5B SDO. 07xxxx2026 + INT. 07xxxx2026+ 08xxxx2026,22,3,2026-08-24,0.0,-17000.0,-17000.0,0.0,SI
531,1,3867,4274,03-CREDITOS POR VENTAS,03-CREDITOS POR VENTAS,PRADOS DEL LIB. L11 08xxxx2026,22,4,2026-08-24,0.0,-425000.0,-425000.0,0.0,SI
532,1,1390,4551,03-CREDITOS POR VENTAS,03-CREDITOS POR VENTAS,ALQ. MAIPU 605 8C DÍAS 08xxxx2026 + DEP. GTÍA.+SELLADO+50 % GTOS. ADM.,22,5,2026-08-24,0.0,-134000.0,-134000.0,0.0,SI
533,1,1391,4551,03-CREDITOS POR VENTAS,03-CREDITOS POR VENTAS,ALQ. MAIPU 605 8C DÍAS 08xxxx2026 + DEP. GTÍA.+SELLADO+50 % GTOS. ADM.,22,5,2026-08-24,0.0,-400000.0,-400000.0,0.0,SI
534,1,1347,4551,03-CREDITOS POR VENTAS,03-CREDITOS POR VENTAS,ALQ. MAIPU 605 8C DÍAS 08xxxx2026 + DEP. GTÍA.+SELLADO+50 % GTOS. ADM.,22,5,2026-08-24,0.0,-200000.0,-200000.0,0.0,SI
535,1,1344,4551,01-CUENTAS POR PAGAR,01-CUENTAS POR PAGAR,ALQ. MAIPU 605 8C DÍAS 08xxxx2026 + DEP. GTÍA.+SELLADO+50 % GTOS. ADM.,22,5,2026-08-24,0.0,-61600.0,-61600.0,0.0,SI
536,1,1393,1635,01-CUENTAS POR PAGAR,01-CUENTAS POR PAGAR,LIQ. PROP. VIRGINIA NOUGUES 08xxxx2026,32,1,2026-08-24,568606.27,0.0,0.0,568606.27,SI
537,1,1393,1730,01-CUENTAS POR PAGAR,01-CUENTAS POR PAGAR,BS.AS 575 10D LIMP. NANCY,32,2,2026-08-24,4500.0,0.0,0.0,4500.0,SI
538,1,1393,624,01-CUENTAS POR PAGAR,01-CUENTAS POR PAGAR,Reversa Aut. Nro. 23314 - Gto Mat electricos vs,41,2,2026-08-24,7639.05,0.0,0.0,7639.05,SI
539,1,1393,649,01-CUENTAS POR PAGAR,01-CUENTAS POR PAGAR,Reversa Aut. Nro. 23314 - Gto Mat electricos vs,41,2,2026-08-24,7257.69,0.0,0.0,7257.69,SI
540,1,3600,,01-DISPONIBILIDADES,01-DISPONIBILIDADES,Reversa Aut. Nro. 23314 - Gto Mat electricos vs,41,2,2026-08-24,0.0,-14896.74,-14896.74,0.0,SI
541,1,68,,02-DEUDAS FISCALES Y PREVISIONALES,02-DEUDAS FISCALES Y PREVISIONALES,TEM Batia 07xxxx2026 - Rend. Marcelo 24xxxx08xxxx2026,42,1,2026-08-24,18998.0,0.0,0.0,18998.0,SI
542,1,3870,,01-DISPONIBILIDADES,01-DISPONIBILIDADES,Rend. Marcelo 24xxxx08xxxx2026,42,1,2026-08-24,0.0,-18998.0,-18998.0,0.0,SI
543,1,1391,4552,03-CREDITOS POR VENTAS,03-CREDITOS POR VENTAS,BS.AS 575 1F DEP. GTÍA. + SELLADO,22,1,2026-08-25,0.0,-250000.0,-250000.0,0.0,SI
544,1,1344,4552,01-CUENTAS POR PAGAR,01-CUENTAS POR PAGAR,BS.AS 575 1F DEP. GTÍA. + SELLADO,22,1,2026-08-25,0.0,-43600.0,-43600.0,0.0,SI
545,1,1972,4497,03-CREDITOS POR VENTAS,03-CREDITOS POR VENTAS,U$700 DIVISADERO II L.125 08xxxx2026,22,2,2026-08-25,0.0,-1001000.0,-1001000.0,0.0,SI
546,1,2,,01-DISPONIBILIDADES,01-DISPONIBILIDADES,U$700 DIVISADERO II L.125 08xxxx2026,22,2,2026-08-25,1001000.0,0.0,0.0,1001000.0,SI
547,1,1390,3414,03-CREDITOS POR VENTAS,03-CREDITOS POR VENTAS,ALQ. BOLIVAR 845 4D 08xxxx2026 + INT. 08xxxx2026,22,3,2026-08-25,0.0,-41000.0,-41000.0,0.0,SI
548,1,3867,4413,03-CREDITOS POR VENTAS,03-CREDITOS POR VENTAS,PRADOS DEL LIB. L. 47 08xxxx2026,22,4,2026-08-25,0.0,-552000.0,-552000.0,0.0,SI
549,1,1347,4453,03-CREDITOS POR VENTAS,03-CREDITOS POR VENTAS,ALQ. GRAL. PAZ 253 6A CANC. GTOS. ADM.+ SDO. 05xxxx26 + A CTA. 06xxxx26 (COBRO JUDICIAL),22,5,2026-08-25,0.0,-65710.0,-65710.0,0.0,SI
550,1,1390,4453,03-CREDITOS POR VENTAS,03-CREDITOS POR VENTAS,ALQ. GRAL. PAZ 253 6A CANC. GTOS. ADM.+ SDO. 05xxxx26 + A CTA. 06xxxx26 (COBRO JUDICIAL),22,5,2026-08-25,0.0,-114000.0,-114000.0,0.0,SI
551,1,1390,4359,03-CREDITOS POR VENTAS,03-CREDITOS POR VENTAS,ALQ. BS.AS 575 1D 08xxxx2026 + INT.,22,6,2026-08-25,0.0,-98000.0,-98000.0,0.0,SI
552,1,1393,624,01-CUENTAS POR PAGAR,01-CUENTAS POR PAGAR,ALQ. BS.AS 575 1D 08xxxx2026 + INT.,22,6,2026-08-25,0.0,-43000.0,-43000.0,0.0,SI
553,1,1390,4487,03-CREDITOS POR VENTAS,03-CREDITOS POR VENTAS,ALQ. MUÑ.469 2C 08xxxx2026 + INT.,22,7,2026-08-25,0.0,-36000.0,-36000.0,0.0,SI
554,1,1390,4245,03-CREDITOS POR VENTAS,03-CREDITOS POR VENTAS,ALQ. STA. FÉ 926 6B 08xxxx2026 + SDO. GTOS. ADM.,22,1,2026-08-26,0.0,-440000.0,-440000.0,0.0,SI
555,1,1347,4245,03-CREDITOS POR VENTAS,03-CREDITOS POR VENTAS,ALQ. STA. FÉ 926 6B 08xxxx2026 + SDO. GTOS. ADM.,22,1,2026-08-26,0.0,-160000.0,-160000.0,0.0,SI
556,1,1344,4553,01-CUENTAS POR PAGAR,01-CUENTAS POR PAGAR,GRAL. PAZ 223 5D SELLADO,22,2,2026-08-26,0.0,-55600.0,-55600.0,0.0,SI
557,1,1393,1238,01-CUENTAS POR PAGAR,01-CUENTAS POR PAGAR,BCE. 146 5C ARREGLOS CARP. ALDO,32,1,2026-08-26,150000.0,0.0,0.0,150000.0,SI
558,1,1344,4547,01-CUENTAS POR PAGAR,01-CUENTAS POR PAGAR,Rend. Marcelo 26xxxx08xxxx2026,43,2,2026-08-26,183000.0,0.0,0.0,183000.0,SI
559,1,1393,3438,01-CUENTAS POR PAGAR,01-CUENTAS POR PAGAR,Rend. Marcelo 26xxxx08xxxx2026,43,2,2026-08-26,408040.0,0.0,0.0,408040.0,SI
560,1,1390,4550,03-CREDITOS POR VENTAS,03-CREDITOS POR VENTAS,ALQ. BCE. 375 PB A DÍAS 08xxxx2026 + DEP. GTÍA. +50% GTOS ADM. + SELLADO,22,1,2026-08-27,0.0,-134000.0,-134000.0,0.0,SI
561,1,1391,4550,03-CREDITOS POR VENTAS,03-CREDITOS POR VENTAS,ALQ. BCE. 375 PB A DÍAS 08xxxx2026 + DEP. GTÍA. +50% GTOS ADM. + SELLADO,22,1,2026-08-27,0.0,-400000.0,-400000.0,0.0,SI
562,1,1347,4550,03-CREDITOS POR VENTAS,03-CREDITOS POR VENTAS,ALQ. BCE. 375 PB A DÍAS 08xxxx2026 + DEP. GTÍA. +50% GTOS ADM. + SELLADO,22,1,2026-08-27,0.0,-200000.0,-200000.0,0.0,SI
563,1,1344,4550,01-CUENTAS POR PAGAR,01-CUENTAS POR PAGAR,ALQ. BCE. 375 PB A DÍAS 08xxxx2026 + DEP. GTÍA. +50% GTOS ADM. + SELLADO,22,1,2026-08-27,0.0,-61600.0,-61600.0,0.0,SI
564,1,3907,4555,03-CREDITOS POR VENTAS,03-CREDITOS POR VENTAS,U$25.000 TORRES S.P 3D A CTA. ANTICIPO,22,2,2026-08-27,0.0,-38625000.0,-38625000.0,0.0,SI
565,1,1390,4222,03-CREDITOS POR VENTAS,03-CREDITOS POR VENTAS,ALQ. GRAL. PAZ 253 PB A SDO. 07xxxx2026 + INT. 07xxxx2026 + A CTA. INT. 08xxxx2026,22,3,2026-08-27,0.0,-71000.0,-71000.0,0.0,SI
566,1,1393,1994,01-CUENTAS POR PAGAR,01-CUENTAS POR PAGAR,LIQ. PROP. WEYERSTALL 08xxxx2026,32,1,2026-08-27,794700.0,0.0,0.0,794700.0,SI
567,1,1904,4520,01-CUENTAS POR PAGAR,01-CUENTAS POR PAGAR,COMISION BS.AS 575 1F,32,2,2026-08-27,50000.0,0.0,0.0,50000.0,SI
568,1,1393,1425,01-CUENTAS POR PAGAR,01-CUENTAS POR PAGAR,MONT. 847 7B CBIO. BAÑERA,32,3,2026-08-27,420000.0,0.0,0.0,420000.0,SI
569,1,2124,,01-DISPONIBILIDADES,01-DISPONIBILIDADES,U$25.000 A.W LLEVA A C.S EMP.,32,4,2026-08-27,38500000.0,0.0,0.0,38500000.0,SI
570,1,2,,01-DISPONIBILIDADES,01-DISPONIBILIDADES,U$25.000 A.W LLEVA A C.S EMP.,32,4,2026-08-27,0.0,-38500000.0,-38500000.0,0.0,SI
571,1,1390,4391,03-CREDITOS POR VENTAS,03-CREDITOS POR VENTAS,ALQ. GRAL. PAZ 223 5C 09xxxx2026,22,1,2026-08-28,0.0,-86000.0,-86000.0,0.0,SI
572,1,1393,3964,01-CUENTAS POR PAGAR,01-CUENTAS POR PAGAR,V.M 46 5B POR ENTREGA DPTO.,22,2,2026-08-28,0.0,-441000.0,-441000.0,0.0,SI
573,1,1391,4529,03-CREDITOS POR VENTAS,03-CREDITOS POR VENTAS,S.L 987 12F-DEP. GTIA.,22,3,2026-08-28,0.0,-210000.0,-210000.0,0.0,SI
574,1,1391,4531,03-CREDITOS POR VENTAS,03-CREDITOS POR VENTAS,JUNIN 616 7A-DEP. GTIA.,22,3,2026-08-28,0.0,-375000.0,-375000.0,0.0,SI
575,1,1347,4541,03-CREDITOS POR VENTAS,03-CREDITOS POR VENTAS,MAIPU 605 5C-GTOS. ADM.,22,3,2026-08-28,0.0,-200000.0,-200000.0,0.0,SI
576,1,1347,4548,03-CREDITOS POR VENTAS,03-CREDITOS POR VENTAS,S.L 515 3A-GTOS. ADM.,22,3,2026-08-28,0.0,-400000.0,-400000.0,0.0,SI
577,1,1347,4550,03-CREDITOS POR VENTAS,03-CREDITOS POR VENTAS,BCE. 375 PB A-GTOS. ADM.,22,3,2026-08-28,0.0,-200000.0,-200000.0,0.0,SI
578,1,1347,4551,03-CREDITOS POR VENTAS,03-CREDITOS POR VENTAS,MAIPU 605 8C-GTOS. ADM.,22,3,2026-08-28,0.0,-200000.0,-200000.0,0.0,SI
579,1,1390,4080,03-CREDITOS POR VENTAS,03-CREDITOS POR VENTAS,ALQ. BS.AS 575 3F 08xxxx2026 + INT. 08xxxx2026,22,4,2026-08-28,0.0,-23000.0,-23000.0,0.0,SI
580,1,1393,650,01-CUENTAS POR PAGAR,01-CUENTAS POR PAGAR,ALQ. BS.AS 575 3F 08xxxx2026 + INT. 08xxxx2026,22,4,2026-08-28,0.0,-44000.0,-44000.0,0.0,SI
581,1,1390,4383,03-CREDITOS POR VENTAS,03-CREDITOS POR VENTAS,ALQ. BS.AS 575 10 A 08xxxx2026 + INT. 08xxxx2026,22,5,2026-08-28,0.0,-70000.0,-70000.0,0.0,SI
582,1,1391,4553,03-CREDITOS POR VENTAS,03-CREDITOS POR VENTAS,GRAL. 223 5D A CTA. DEP. GTIA.,22,6,2026-08-28,0.0,-175000.0,-175000.0,0.0,SI
583,1,1904,3779,01-CUENTAS POR PAGAR,01-CUENTAS POR PAGAR,COMISIONES MARTN AL 28xxxx08xxxx2026,32,3,2026-08-28,210000.0,0.0,0.0,210000.0,SI
584,1,1904,3779,01-CUENTAS POR PAGAR,01-CUENTAS POR PAGAR,COMISION MARTIN GRAL PAZ 223 5D,32,4,2026-08-28,175000.0,0.0,0.0,175000.0,SI
585,1,3868,4538,03-CREDITOS POR VENTAS,03-CREDITOS POR VENTAS,PRADOS DEL LIB. E.L II L.44 COMP. ANTICIPO,22,1,2026-08-31,0.0,-2000000.0,-2000000.0,0.0,SI
586,1,1390,3997,03-CREDITOS POR VENTAS,03-CREDITOS POR VENTAS,ALQ. S.L 515 2A 08xxxx2026 + INT. 08xxxx2026 + 09xxxx2026,22,2,2026-08-31,0.0,-299000.0,-299000.0,0.0,SI
587,1,1393,649,01-CUENTAS POR PAGAR,01-CUENTAS POR PAGAR,ALQ. S.L 515 2A 08xxxx2026 + INT. 08xxxx2026 + 09xxxx2026,22,2,2026-08-31,0.0,-158000.0,-158000.0,0.0,SI
588,1,1390,3920,03-CREDITOS POR VENTAS,03-CREDITOS POR VENTAS,ALQ. MONT. 847 6B SDO. 08xxxx2026 + INT. 08xxxx2026,22,3,2026-08-31,0.0,-100000.0,-100000.0,0.0,SI
589,1,1344,3887,01-CUENTAS POR PAGAR,01-CUENTAS POR PAGAR,GRAL. PAZ 253 INSCRIP. LIBRO CONSORCIO,22,4,2026-08-31,0.0,-75000.0,-75000.0,0.0,SI
590,1,1390,2665,03-CREDITOS POR VENTAS,03-CREDITOS POR VENTAS,ALQ. S.L 515 2B 09xxxx2026,22,5,2026-08-31,0.0,-128000.0,-128000.0,0.0,SI
591,1,1391,3604,03-CREDITOS POR VENTAS,03-CREDITOS POR VENTAS,ALQ. MONT. 847 6C DIF. DEP. GTÍA. + GTOS. ADM.,22,6,2026-08-31,0.0,-200000.0,-200000.0,0.0,SI
592,1,1347,3604,03-CREDITOS POR VENTAS,03-CREDITOS POR VENTAS,ALQ. MONT. 847 6C DIF. DEP. GTÍA. + GTOS. ADM.,22,6,2026-08-31,0.0,-175000.0,-175000.0,0.0,SI
593,1,33,,04-OTROS CREDITOS,04-OTROS CREDITOS,Gtos Bcrios Batia Frances 31xxxx08xxxx2026,39,5,2026-08-31,513.36,0.0,0.0,513.36,SI
594,1,1280,,02-GASTOS DE ESTRUCUTURA,02-GASTOS DE ESTRUCUTURA,Gtos Bcrios Batia Frances 31xxxx08xxxx2026,39,5,2026-08-31,69000.0,0.0,0.0,69000.0,SI
595,1,23,,04-OTROS CREDITOS,04-OTROS CREDITOS,Gtos Bcrios Batia Frances 31xxxx08xxxx2026,39,5,2026-08-31,2070.0,0.0,0.0,2070.0,SI
596,1,24,,04-OTROS CREDITOS,04-OTROS CREDITOS,Gtos Bcrios Batia Frances 31xxxx08xxxx2026,39,5,2026-08-31,14490.0,0.0,0.0,14490.0,SI
597,1,4,11,01-DISPONIBILIDADES,01-DISPONIBILIDADES,Gtos Bcrios Batia Frances 31xxxx08xxxx2026,39,5,2026-08-31,0.0,-86073.36,-86073.36,0.0,SI
598,1,1393,649,01-CUENTAS POR PAGAR,01-CUENTAS POR PAGAR,Cuota Cocina Laprida 416 1º B - Gtos con TC BBVA Norfork - Vto 07xxxx09xxxx2026,41,7,2026-08-31,65509.48,0.0,0.0,65509.48,SI
599,1,3600,,01-DISPONIBILIDADES,01-DISPONIBILIDADES,Gtos con TC BBVA Norfork - Vto 07xxxx09xxxx2026,41,7,2026-08-31,0.0,-65509.48,-65509.48,0.0,SI
600,1,80,58,04-OTROS CREDITOS,04-OTROS CREDITOS,Traspaso de fondos a Batia pxxxxinmob 08xxxx2026,41,8,2026-08-31,487056.9,0.0,0.0,487056.9,SI
601,1,3600,,01-DISPONIBILIDADES,01-DISPONIBILIDADES,Traspaso de fondos a Batia pxxxxinmob 08xxxx2026,41,8,2026-08-31,0.0,-487056.9,-487056.9,0.0,SI
602,1,1393,649,01-CUENTAS POR PAGAR,01-CUENTAS POR PAGAR,Alquileres Varios - Agosto 2026,41,13,2026-08-31,18570172.54,0.0,0.0,18570172.54,SI
603,1,1393,624,01-CUENTAS POR PAGAR,01-CUENTAS POR PAGAR,Alquileres Varios - Agosto 2026,41,13,2026-08-31,25762081.71,0.0,0.0,25762081.71,SI
604,1,1393,650,01-CUENTAS POR PAGAR,01-CUENTAS POR PAGAR,Alquileres Varios - Agosto 2026,41,13,2026-08-31,4488931.34,0.0,0.0,4488931.34,SI
605,1,3600,,01-DISPONIBILIDADES,01-DISPONIBILIDADES,Alquileres Varios - Agosto 2026,41,13,2026-08-31,0.0,-48821185.59,-48821185.59,0.0,SI
606,1,1393,624,01-CUENTAS POR PAGAR,01-CUENTAS POR PAGAR,Alquileres Maipu y Laprida SOCIOS - Agosto 2026,41,15,2026-08-31,1094315.2,0.0,0.0,1094315.2,SI
607,1,1393,649,01-CUENTAS POR PAGAR,01-CUENTAS POR PAGAR,Alquileres Maipu y Laprida SOCIOS - Agosto 2026,41,15,2026-08-31,1039684.8,0.0,0.0,1039684.8,SI
608,1,3600,,01-DISPONIBILIDADES,01-DISPONIBILIDADES,Alquileres Maipu y Laprida SOCIOS - Agosto 2026,41,15,2026-08-31,0.0,-2134000.0,-2134000.0,0.0,SI
609,1,1393,114,01-CUENTAS POR PAGAR,01-CUENTAS POR PAGAR,Rend. Marcelo 31xxxx08xxxx2026,43,2,2026-08-31,230760.0,0.0,0.0,230760.0,SI
610,1,1344,4279,01-CUENTAS POR PAGAR,01-CUENTAS POR PAGAR,SELLADO AGUILERAxxxxAW - Rend. Marcelo 31xxxx08xxxx2026,43,2,2026-08-31,65200.0,0.0,0.0,65200.0,SI
611,1,1344,4551,01-CUENTAS POR PAGAR,01-CUENTAS POR PAGAR,Rend. Marcelo 31xxxx08xxxx2026,43,2,2026-08-31,61600.0,0.0,0.0,61600.0,SI
612,1,1344,4552,01-CUENTAS POR PAGAR,01-CUENTAS POR PAGAR,Rend. Marcelo 31xxxx08xxxx2026,43,2,2026-08-31,43600.0,0.0,0.0,43600.0,SI
613,1,1344,4550,01-CUENTAS POR PAGAR,01-CUENTAS POR PAGAR,Rend. Marcelo 31xxxx08xxxx2026,43,2,2026-08-31,61600.0,0.0,0.0,61600.0,SI
614,1,1393,1635,01-CUENTAS POR PAGAR,01-CUENTAS POR PAGAR,Imp Inmob. G.Paz 223 5º E P:309281  08xxxx2026 Rend Nº 2943 - 31xxxx08xxxx26 - M.Vicente,43,3,2026-08-31,3511.88,0.0,0.0,3511.88,SI
615,1,80,58,04-OTROS CREDITOS,04-OTROS CREDITOS,Rend Nº 2943 - 31xxxx08xxxx26 - M.Vicente,43,3,2026-08-31,0.0,-258447.53,-258447.53,0.0,SI
616,3,68,,02-DEUDAS FISCALES Y PREVISIONALES,02-DEUDAS FISCALES Y PREVISIONALES,TEM 7xxxx26 Guare - Rend. Marcelo 20xxxx08xxxx2026,42,4,2026-08-20,26910.0,0.0,0.0,26910.0,SI
617,3,3870,,01-DISPONIBILIDADES,01-DISPONIBILIDADES,Rend. Marcelo 20xxxx08xxxx2026,42,4,2026-08-20,0.0,-26910.0,-26910.0,0.0,SI
618,3,4,40,01-DISPONIBILIDADES,01-DISPONIBILIDADES,Rend. Marcelo 25xxxx08xxxx2026,42,2,2026-08-25,105000.0,0.0,0.0,105000.0,SI
619,3,3870,,01-DISPONIBILIDADES,01-DISPONIBILIDADES,Rend. Marcelo 25xxxx08xxxx2026,42,2,2026-08-25,0.0,-105000.0,-105000.0,0.0,SI
620,3,1284,,02-GASTOS DE ESTRUCUTURA,02-GASTOS DE ESTRUCUTURA,MULTA INSPECCIÓN 02xxxx2025 DYC,35,7,2026-08-26,100253.0,0.0,0.0,100253.0,SI
621,3,4,40,01-DISPONIBILIDADES,01-DISPONIBILIDADES,MULTA INSPECCIÓN 02xxxx2025 DYC,35,7,2026-08-26,0.0,-100253.0,-100253.0,0.0,SI
622,3,33,,04-OTROS CREDITOS,04-OTROS CREDITOS,Gtos Bcrios Guare Frances 08xxxx2026,39,4,2026-08-31,1760.62,0.0,0.0,1760.62,SI
623,3,1280,,02-GASTOS DE ESTRUCUTURA,02-GASTOS DE ESTRUCUTURA,Gtos Bcrios Guare Frances 08xxxx2026,39,4,2026-08-31,69000.0,0.0,0.0,69000.0,SI
624,3,23,,04-OTROS CREDITOS,04-OTROS CREDITOS,Gtos Bcrios Guare Frances 08xxxx2026,39,4,2026-08-31,2070.0,0.0,0.0,2070.0,SI
625,3,29,,04-OTROS CREDITOS,04-OTROS CREDITOS,Gtos Bcrios Guare Frances 08xxxx2026,39,4,2026-08-31,2625.0,0.0,0.0,2625.0,SI
626,3,24,,04-OTROS CREDITOS,04-OTROS CREDITOS,Gtos Bcrios Guare Frances 08xxxx2026,39,4,2026-08-31,14490.0,0.0,0.0,14490.0,SI
627,3,4,40,01-DISPONIBILIDADES,01-DISPONIBILIDADES,Gtos Bcrios Guare Frances 08xxxx2026,39,4,2026-08-31,0.0,-89945.62,-89945.62,0.0,SI
628,4,3883,472,04-OTROS CREDITOS,04-OTROS CREDITOS,U$18.000 RINDE E.L,26,3,2026-08-03,0.0,-27900000.0,-27900000.0,0.0,SI
629,4,2,,01-DISPONIBILIDADES,01-DISPONIBILIDADES,U$18.000 RINDE E.L,26,3,2026-08-03,27900000.0,0.0,0.0,27900000.0,SI
630,4,38,4122,01-CUENTAS POR PAGAR,01-CUENTAS POR PAGAR,O.P 23114,36,4,2026-08-03,5720000.0,0.0,0.0,5720000.0,SI
631,4,1,,01-DISPONIBILIDADES,01-DISPONIBILIDADES,O.P 23114,36,4,2026-08-03,0.0,-5720000.0,-5720000.0,0.0,SI
632,4,3874,,01-DISPONIBILIDADES,01-DISPONIBILIDADES,U$18.000 A.W LLEVA A C.S TORRES S.P,36,9,2026-08-03,27900000.0,0.0,0.0,27900000.0,SI
633,4,2,,01-DISPONIBILIDADES,01-DISPONIBILIDADES,U$18.000 A.W LLEVA A C.S TORRES S.P,36,9,2026-08-03,0.0,-27900000.0,-27900000.0,0.0,SI
634,4,4,43,01-DISPONIBILIDADES,01-DISPONIBILIDADES,Rend. Marcelo 03xxxx08xxxx2026,42,1,2026-08-03,225000.0,0.0,0.0,225000.0,SI
635,4,3870,,01-DISPONIBILIDADES,01-DISPONIBILIDADES,Rend. Marcelo 03xxxx08xxxx2026,42,1,2026-08-03,0.0,-225000.0,-225000.0,0.0,SI
636,4,38,2356,01-CUENTAS POR PAGAR,01-CUENTAS POR PAGAR,Rend. Marcelo 03xxxx08xxxx2026,43,2,2026-08-03,75000.0,0.0,0.0,75000.0,SI
637,4,3600,,01-DISPONIBILIDADES,01-DISPONIBILIDADES,Rend. Marcelo 03xxxx08xxxx2026,43,2,2026-08-03,0.0,-75000.0,-75000.0,0.0,SI
638,4,4,43,01-DISPONIBILIDADES,01-DISPONIBILIDADES,Rend. Marcelo 04xxxx08xxxx2026,42,4,2026-08-04,610000.0,0.0,0.0,610000.0,SI
639,4,3870,,01-DISPONIBILIDADES,01-DISPONIBILIDADES,Rend. Marcelo 04xxxx08xxxx2026,42,4,2026-08-04,0.0,-610000.0,-610000.0,0.0,SI
640,4,4,43,01-DISPONIBILIDADES,01-DISPONIBILIDADES,Rend. Marcelo 05xxxx08xxxx2026,42,2,2026-08-05,5000.0,0.0,0.0,5000.0,SI
641,4,3870,,01-DISPONIBILIDADES,01-DISPONIBILIDADES,Rend. Marcelo 05xxxx08xxxx2026,42,2,2026-08-05,0.0,-5000.0,-5000.0,0.0,SI
642,4,80,2084,04-OTROS CREDITOS,04-OTROS CREDITOS,RINDE FEDERICO,26,3,2026-08-06,0.0,-7150000.0,-7150000.0,0.0,SI
643,4,1,,01-DISPONIBILIDADES,01-DISPONIBILIDADES,RINDE FEDERICO,26,3,2026-08-06,7150000.0,0.0,0.0,7150000.0,SI
644,4,38,2360,01-CUENTAS POR PAGAR,01-CUENTAS POR PAGAR,PAGO DIF. ADM. Y DT CERT 24 ESTxxxx9ALB 07xxxx2026,36,4,2026-08-06,7152123.36,0.0,0.0,7152123.36,SI
645,4,38,3901,01-CUENTAS POR PAGAR,01-CUENTAS POR PAGAR,O.P 23195,36,11,2026-08-06,870000.0,0.0,0.0,870000.0,SI
646,4,1,,01-DISPONIBILIDADES,01-DISPONIBILIDADES,O.P 23195,36,11,2026-08-06,0.0,-870000.0,-870000.0,0.0,SI
647,4,38,4092,01-CUENTAS POR PAGAR,01-CUENTAS POR PAGAR,Rend. Marcelo 06xxxx08xxxx2026,42,3,2026-08-06,107675.0,0.0,0.0,107675.0,SI
648,4,3870,,01-DISPONIBILIDADES,01-DISPONIBILIDADES,Rend. Marcelo 06xxxx08xxxx2026,42,3,2026-08-06,0.0,-107675.0,-107675.0,0.0,SI
649,4,38,2730,01-CUENTAS POR PAGAR,01-CUENTAS POR PAGAR,O.P 23185,36,7,2026-08-07,431000.0,0.0,0.0,431000.0,SI
650,4,1,,01-DISPONIBILIDADES,01-DISPONIBILIDADES,O.P 23185,36,7,2026-08-07,0.0,-431000.0,-431000.0,0.0,SI
651,4,1235,,02-GASTOS DE ESTRUCUTURA,02-GASTOS DE ESTRUCUTURA,FOLLETOS,36,10,2026-08-07,106000.0,0.0,0.0,106000.0,SI
652,4,1,,01-DISPONIBILIDADES,01-DISPONIBILIDADES,FOLLETOS,36,10,2026-08-07,0.0,-106000.0,-106000.0,0.0,SI
653,4,38,3116,01-CUENTAS POR PAGAR,01-CUENTAS POR PAGAR,O.P 23200,36,15,2026-08-07,600000.0,0.0,0.0,600000.0,SI
654,4,1,,01-DISPONIBILIDADES,01-DISPONIBILIDADES,O.P 23200,36,15,2026-08-07,0.0,-600000.0,-600000.0,0.0,SI
655,4,38,2238,01-CUENTAS POR PAGAR,01-CUENTAS POR PAGAR,O.P 23178,36,5,2026-08-10,442500.0,0.0,0.0,442500.0,SI
656,4,1,,01-DISPONIBILIDADES,01-DISPONIBILIDADES,O.P 23178,36,5,2026-08-10,0.0,-442500.0,-442500.0,0.0,SI
657,4,38,4293,01-CUENTAS POR PAGAR,01-CUENTAS POR PAGAR,O.P 23175,35,3,2026-08-12,70000.0,0.0,0.0,70000.0,SI
658,4,4,43,01-DISPONIBILIDADES,01-DISPONIBILIDADES,O.P 23175,35,3,2026-08-12,0.0,-70000.0,-70000.0,0.0,SI
659,4,60,,02-DEUDAS FISCALES Y PREVISIONALES,02-DEUDAS FISCALES Y PREVISIONALES,SICORE 07xxxx2026 TORRES S.P,35,5,2026-08-12,992.0,0.0,0.0,992.0,SI
660,4,120,,02-DEUDAS FISCALES Y PREVISIONALES,02-DEUDAS FISCALES Y PREVISIONALES,SICORE 07xxxx2026 TORRES S.P,35,5,2026-08-12,1794477.21,0.0,0.0,1794477.21,SI
661,4,4,43,01-DISPONIBILIDADES,01-DISPONIBILIDADES,SICORE 07xxxx2026 TORRES S.P,35,5,2026-08-12,0.0,-1795469.21,-1795469.21,0.0,SI
662,4,1350,,02-DEUDAS FISCALES Y PREVISIONALES,02-DEUDAS FISCALES Y PREVISIONALES,SIJP 07xxxx2026,35,6,2026-08-12,2244775.76,0.0,0.0,2244775.76,SI
663,4,4,43,01-DISPONIBILIDADES,01-DISPONIBILIDADES,SIJP 07xxxx2026,35,6,2026-08-12,0.0,-2244775.76,-2244775.76,0.0,SI
664,4,3883,2084,04-OTROS CREDITOS,04-OTROS CREDITOS,U$5.600 A $1.535 FEDERICO RINDE,26,2,2026-08-13,0.0,-8596000.0,-8596000.0,0.0,SI
665,4,2,,01-DISPONIBILIDADES,01-DISPONIBILIDADES,U$5.600 A $1.535 FEDERICO RINDE,26,2,2026-08-13,8596000.0,0.0,0.0,8596000.0,SI
666,4,3883,2084,04-OTROS CREDITOS,04-OTROS CREDITOS,U$2.300 A $1.535 RINDE FEDERICO,26,5,2026-08-14,0.0,-3530500.0,-3530500.0,0.0,SI
667,4,2,,01-DISPONIBILIDADES,01-DISPONIBILIDADES,U$2.300 A $1.535 RINDE FEDERICO,26,5,2026-08-14,3530500.0,0.0,0.0,3530500.0,SI
668,4,1,,01-DISPONIBILIDADES,01-DISPONIBILIDADES,U$2.300 A $1.535 FEDERICO CBIA.,26,6,2026-08-14,3530500.0,0.0,0.0,3530500.0,SI
669,4,2,,01-DISPONIBILIDADES,01-DISPONIBILIDADES,U$2.300 A $1.535 FEDERICO CBIA.,26,6,2026-08-14,0.0,-3530500.0,-3530500.0,0.0,SI
670,4,3883,2084,04-OTROS CREDITOS,04-OTROS CREDITOS,U$3.800 FEDERICO RINDE,26,3,2026-08-19,0.0,-5852000.0,-5852000.0,0.0,SI
671,4,38,3198,01-CUENTAS POR PAGAR,01-CUENTAS POR PAGAR,O.P 23213,36,6,2026-08-19,635000.0,0.0,0.0,635000.0,SI
672,4,1,,01-DISPONIBILIDADES,01-DISPONIBILIDADES,O.P 23213,36,6,2026-08-19,0.0,-635000.0,-635000.0,0.0,SI
673,4,1,,01-DISPONIBILIDADES,01-DISPONIBILIDADES,U$3.800 A $1.540 CBIO.,26,2,2026-08-20,5852000.0,0.0,0.0,5852000.0,SI
674,4,1,,01-DISPONIBILIDADES,01-DISPONIBILIDADES,U$26.000 A $1.545 FEDERICO CBIA.,26,4,2026-08-20,40170000.0,0.0,0.0,40170000.0,SI
675,4,2,,01-DISPONIBILIDADES,01-DISPONIBILIDADES,U$26.000 A $1.545 FEDERICO CBIA.,26,4,2026-08-20,0.0,-40170000.0,-40170000.0,0.0,SI
676,4,38,2611,01-CUENTAS POR PAGAR,01-CUENTAS POR PAGAR,O.P 21976xxxx23248,36,5,2026-08-20,5301000.0,0.0,0.0,5301000.0,SI
677,4,38,2360,01-CUENTAS POR PAGAR,01-CUENTAS POR PAGAR,A CTA. CERT. 08xxxx2026 (M),36,6,2026-08-20,40170000.0,0.0,0.0,40170000.0,SI
678,4,3883,2084,04-OTROS CREDITOS,04-OTROS CREDITOS,U$1.500 A $1.542 FEDERICO RINDE,26,1,2026-08-21,0.0,-2313000.0,-2313000.0,0.0,SI
679,4,2,,01-DISPONIBILIDADES,01-DISPONIBILIDADES,U$1.500 A $1.542 FEDERICO RINDE,26,1,2026-08-21,2313000.0,0.0,0.0,2313000.0,SI
680,4,38,59,01-CUENTAS POR PAGAR,01-CUENTAS POR PAGAR,O.P 23237,36,2,2026-08-21,1430000.0,0.0,0.0,1430000.0,SI
681,4,1,,01-DISPONIBILIDADES,01-DISPONIBILIDADES,O.P 23237,36,2,2026-08-21,0.0,-1430000.0,-1430000.0,0.0,SI
682,4,38,3901,01-CUENTAS POR PAGAR,01-CUENTAS POR PAGAR,O.P 23240,36,8,2026-08-21,935280.0,0.0,0.0,935280.0,SI
683,4,1,,01-DISPONIBILIDADES,01-DISPONIBILIDADES,O.P 23240,36,8,2026-08-21,0.0,-935300.0,-935300.0,0.0,SI
684,4,3855,,02-GASTOS DE ESTRUCUTURA,02-GASTOS DE ESTRUCUTURA,O.P 23240,36,8,2026-08-21,20.0,0.0,0.0,20.0,SI
685,4,38,3116,01-CUENTAS POR PAGAR,01-CUENTAS POR PAGAR,O.P 23235,36,10,2026-08-21,900000.0,0.0,0.0,900000.0,SI
686,4,3882,2084,02-INVERSIONES,02-INVERSIONES,U$79.000 APORTE 08xxxx2026 FEDERICO KANCYPER,26,2,2026-08-24,0.0,-121660000.0,-121660000.0,0.0,SI
687,4,3882,2112,02-INVERSIONES,02-INVERSIONES,U$52.000 APORTE 08xxxx2026 GUSTAVO CRESPO,26,3,2026-08-24,0.0,-80080000.0,-80080000.0,0.0,SI
688,4,3883,2084,04-OTROS CREDITOS,04-OTROS CREDITOS,U$79.000 A $1.540 A RENDIR FEDERICO,36,1,2026-08-24,121660000.0,0.0,0.0,121660000.0,SI
689,4,2,,01-DISPONIBILIDADES,01-DISPONIBILIDADES,U$79.000 A $1.540 A RENDIR FEDERICO,36,1,2026-08-24,0.0,-121660000.0,-121660000.0,0.0,SI
690,4,38,4295,01-CUENTAS POR PAGAR,01-CUENTAS POR PAGAR,O.P 23249,36,3,2026-08-24,180000.0,0.0,0.0,180000.0,SI
691,4,1,,01-DISPONIBILIDADES,01-DISPONIBILIDADES,O.P 23249,36,3,2026-08-24,0.0,-180000.0,-180000.0,0.0,SI
692,4,3874,,01-DISPONIBILIDADES,01-DISPONIBILIDADES,U$52.000 A.W LLEVA A C.S TORRES S.P,36,5,2026-08-24,80080000.0,0.0,0.0,80080000.0,SI
693,4,2,,01-DISPONIBILIDADES,01-DISPONIBILIDADES,U$52.000 A.W LLEVA A C.S TORRES S.P,36,5,2026-08-24,0.0,-80080000.0,-80080000.0,0.0,SI
694,4,38,129,01-CUENTAS POR PAGAR,01-CUENTAS POR PAGAR,O.P 23212,36,9,2026-08-24,76400.0,0.0,0.0,76400.0,SI
695,4,1,,01-DISPONIBILIDADES,01-DISPONIBILIDADES,O.P 23212,36,9,2026-08-24,0.0,-76400.0,-76400.0,0.0,SI
696,4,4,43,01-DISPONIBILIDADES,01-DISPONIBILIDADES,DEPOSITO BBVA TORRES S.P,25,1,2026-08-25,60000000.0,0.0,0.0,60000000.0,SI
697,4,152,,01-DISPONIBILIDADES,01-DISPONIBILIDADES,DEPOSITO BBVA TORRES S.P,25,1,2026-08-25,0.0,-60000000.0,-60000000.0,0.0,SI
698,4,38,2360,01-CUENTAS POR PAGAR,01-CUENTAS POR PAGAR,PAGO A CTA. FAC. 2-355,35,3,2026-08-25,60000000.0,0.0,0.0,60000000.0,SI
699,4,80,2084,04-OTROS CREDITOS,04-OTROS CREDITOS,A RENDIR FEDERICO,36,4,2026-08-25,46020000.0,0.0,0.0,46020000.0,SI
700,4,4,43,01-DISPONIBILIDADES,01-DISPONIBILIDADES,DEPOSITO BBVA TORRES S.P,25,3,2026-08-26,46020000.0,0.0,0.0,46020000.0,SI
701,4,152,,01-DISPONIBILIDADES,01-DISPONIBILIDADES,DEPOSITO BBVA TORRES S.P,25,3,2026-08-26,0.0,-46020000.0,-46020000.0,0.0,SI
702,4,80,2084,04-OTROS CREDITOS,04-OTROS CREDITOS,FEDERICO RINDE,26,5,2026-08-26,0.0,-46020000.0,-46020000.0,0.0,SI
703,4,1,,01-DISPONIBILIDADES,01-DISPONIBILIDADES,FEDERICO RINDE,26,5,2026-08-26,46020000.0,0.0,0.0,46020000.0,SI
704,4,38,2360,01-CUENTAS POR PAGAR,01-CUENTAS POR PAGAR,PAGO SDO. FAC. 2-355 CERT.25 EST. Y 10 ALB. M.O 08xxxx2026,35,14,2026-08-26,50510948.65,0.0,0.0,50510948.65,SI
705,4,1350,,02-DEUDAS FISCALES Y PREVISIONALES,02-DEUDAS FISCALES Y PREVISIONALES,PAGO SDO. FAC. 2-355 CERT.25 EST. Y 10 ALB. M.O 08xxxx2026,35,14,2026-08-26,0.0,-2500247.7,-2500247.7,0.0,SI
706,4,120,,02-DEUDAS FISCALES Y PREVISIONALES,02-DEUDAS FISCALES Y PREVISIONALES,PAGO SDO. FAC. 2-355 CERT.25 EST. Y 10 ALB. M.O 08xxxx2026,35,14,2026-08-26,0.0,-1998854.77,-1998854.77,0.0,SI
707,4,4,43,01-DISPONIBILIDADES,01-DISPONIBILIDADES,PAGO SDO. FAC. 2-355 CERT.25 EST. Y 10 ALB. M.O 08xxxx2026,35,14,2026-08-26,0.0,-46011846.18,-46011846.18,0.0,SI
708,4,38,29,01-CUENTAS POR PAGAR,01-CUENTAS POR PAGAR,Rend. Marcelo 26xxxx08xxxx2026,42,2,2026-08-26,1195490.0,0.0,0.0,1195490.0,SI
709,4,3882,2041,02-INVERSIONES,02-INVERSIONES,U$79.000 APORTE 08xxxx2026 MATIAS CASTILLO,26,1,2026-08-28,0.0,-121660000.0,-121660000.0,0.0,SI
710,4,3882,470,02-INVERSIONES,02-INVERSIONES,U$53.000 APORTE 08xxxx2026 WCL,26,2,2026-08-28,0.0,-32648000.0,-32648000.0,0.0,SI
711,4,3882,469,02-INVERSIONES,02-INVERSIONES,U$53.000 APORTE 08xxxx2026 WCL,26,2,2026-08-28,0.0,-32648000.0,-32648000.0,0.0,SI
712,4,3882,472,02-INVERSIONES,02-INVERSIONES,U$53.000 APORTE 08xxxx2026 WCL,26,2,2026-08-28,0.0,-16324000.0,-16324000.0,0.0,SI
713,4,3883,2084,04-OTROS CREDITOS,04-OTROS CREDITOS,U$6.400 RINDE FEDERICO,26,6,2026-08-28,0.0,-4466000.0,-4466000.0,0.0,SI
714,4,1,,01-DISPONIBILIDADES,01-DISPONIBILIDADES,U$6.400 A $1.540 FEDERICO CBIA.,26,7,2026-08-28,9856000.0,0.0,0.0,9856000.0,SI
715,4,2,,01-DISPONIBILIDADES,01-DISPONIBILIDADES,U$6.400 A $1.540 FEDERICO CBIA.,26,7,2026-08-28,0.0,-9856000.0,-9856000.0,0.0,SI
716,4,38,4103,01-CUENTAS POR PAGAR,01-CUENTAS POR PAGAR,O.P 23246,35,5,2026-08-28,6008232.51,0.0,0.0,6008232.51,SI
717,4,3906,43,01-CUENTAS POR PAGAR,01-CUENTAS POR PAGAR,O.P 23246,35,5,2026-08-28,0.0,-1969000.0,-1969000.0,0.0,SI
718,4,38,4285,01-CUENTAS POR PAGAR,01-CUENTAS POR PAGAR,O.P 23215,36,1,2026-08-28,9363000.0,0.0,0.0,9363000.0,SI
719,4,1,,01-DISPONIBILIDADES,01-DISPONIBILIDADES,O.P 23215,36,1,2026-08-28,0.0,-9363000.0,-9363000.0,0.0,SI
720,4,38,2360,01-CUENTAS POR PAGAR,01-CUENTAS POR PAGAR,PAGO CERT.25 EST. + 10 ALB (M) M.O 08xxxx2026,36,5,2026-08-28,0.0,-40170000.0,-40170000.0,0.0,SI
721,4,3883,2084,04-OTROS CREDITOS,04-OTROS CREDITOS,U$76.800 A $1.540 A RENDIR FEDERICO,36,8,2026-08-28,118272000.0,0.0,0.0,118272000.0,SI
722,4,2,,01-DISPONIBILIDADES,01-DISPONIBILIDADES,U$76.800 A $1.540 A RENDIR FEDERICO,36,8,2026-08-28,0.0,-118272000.0,-118272000.0,0.0,SI
723,4,38,3116,01-CUENTAS POR PAGAR,01-CUENTAS POR PAGAR,O.P 23263,36,9,2026-08-28,450000.0,0.0,0.0,450000.0,SI
724,4,33,,04-OTROS CREDITOS,04-OTROS CREDITOS,Gtos Bcrios Torres Frances 08xxxx2026,39,1,2026-08-31,1546398.3,0.0,0.0,1546398.3,SI
725,4,1280,,02-GASTOS DE ESTRUCUTURA,02-GASTOS DE ESTRUCUTURA,Gtos Bcrios Torres Frances 08xxxx2026,39,1,2026-08-31,93150.0,0.0,0.0,93150.0,SI
726,4,23,,04-OTROS CREDITOS,04-OTROS CREDITOS,Gtos Bcrios Torres Frances 08xxxx2026,39,1,2026-08-31,2804.25,0.0,0.0,2804.25,SI
727,4,24,,04-OTROS CREDITOS,04-OTROS CREDITOS,Gtos Bcrios Torres Frances 08xxxx2026,39,1,2026-08-31,19561.5,0.0,0.0,19561.5,SI
728,4,25,,04-OTROS CREDITOS,04-OTROS CREDITOS,Gtos Bcrios Torres Frances 08xxxx2026,39,1,2026-08-31,257.27,0.0,0.0,257.27,SI
729,4,4,43,01-DISPONIBILIDADES,01-DISPONIBILIDADES,Gtos Bcrios Torres Frances 08xxxx2026,39,1,2026-08-31,0.0,-1664744.07,-1664744.07,0.0,SI
730,5,38,3054,01-CUENTAS POR PAGAR,01-CUENTAS POR PAGAR,O.P 23152,36,2,2026-08-03,25000.0,0.0,0.0,25000.0,SI
731,5,1,,01-DISPONIBILIDADES,01-DISPONIBILIDADES,O.P 23152,36,2,2026-08-03,0.0,-25000.0,-25000.0,0.0,SI
732,5,4,39,01-DISPONIBILIDADES,01-DISPONIBILIDADES,Rend. Marcelo 04xxxx08xxxx2026,42,2,2026-08-04,86000.0,0.0,0.0,86000.0,SI
733,5,3870,,01-DISPONIBILIDADES,01-DISPONIBILIDADES,Rend. Marcelo 04xxxx08xxxx2026,42,2,2026-08-04,0.0,-86000.0,-86000.0,0.0,SI
734,5,20,,04-OTROS CREDITOS,04-OTROS CREDITOS,Esc. Olmos - Arevalo Carlos L129 MzaM - Rend. Marcelo 04xxxx08xxxx2026,42,3,2026-08-04,390000.0,0.0,0.0,390000.0,SI
735,5,3870,,01-DISPONIBILIDADES,01-DISPONIBILIDADES,Rend. Marcelo 04xxxx08xxxx2026,42,3,2026-08-04,0.0,-390000.0,-390000.0,0.0,SI
736,5,38,2367,01-CUENTAS POR PAGAR,01-CUENTAS POR PAGAR,O.P 23168,35,2,2026-08-06,560000.0,0.0,0.0,560000.0,SI
737,5,60,,02-DEUDAS FISCALES Y PREVISIONALES,02-DEUDAS FISCALES Y PREVISIONALES,O.P 23168,35,2,2026-08-06,0.0,-3279.24,-3279.24,0.0,SI
738,5,4,39,01-DISPONIBILIDADES,01-DISPONIBILIDADES,O.P 23168,35,2,2026-08-06,0.0,-556720.76,-556720.76,0.0,SI
739,5,78,4540,04-OTROS CREDITOS,04-OTROS CREDITOS,PRADOS DE YB (SAT) SE DESC. DE EXP.,36,3,2026-08-06,200000.0,0.0,0.0,200000.0,SI
740,5,1,,01-DISPONIBILIDADES,01-DISPONIBILIDADES,PRADOS DE YB (SAT) SE DESC. DE EXP.,36,3,2026-08-06,0.0,-200000.0,-200000.0,0.0,SI
741,5,3831,39,01-CUENTAS POR PAGAR,01-CUENTAS POR PAGAR,Rend. Marcelo 07xxxx08xxxx2026,42,2,2026-08-07,998155.19,0.0,0.0,998155.19,SI
742,5,38,2238,01-CUENTAS POR PAGAR,01-CUENTAS POR PAGAR,O.P 23179,36,3,2026-08-10,392500.0,0.0,0.0,392500.0,SI
743,5,4,39,01-DISPONIBILIDADES,01-DISPONIBILIDADES,Rend. Marcelo 10xxxx08xxxx2026,42,3,2026-08-10,76000.0,0.0,0.0,76000.0,SI
744,5,38,2724,01-CUENTAS POR PAGAR,01-CUENTAS POR PAGAR,O.P 23170,35,7,2026-08-11,1619468.0,0.0,0.0,1619468.0,SI
745,5,4,39,01-DISPONIBILIDADES,01-DISPONIBILIDADES,O.P 23170,35,7,2026-08-11,0.0,-1619468.0,-1619468.0,0.0,SI
746,5,38,4293,01-CUENTAS POR PAGAR,01-CUENTAS POR PAGAR,O.P 23174,35,4,2026-08-12,50000.0,0.0,0.0,50000.0,SI
747,5,4,39,01-DISPONIBILIDADES,01-DISPONIBILIDADES,O.P 23174,35,4,2026-08-12,0.0,-50000.0,-50000.0,0.0,SI
748,5,1269,,02-GASTOS DE ESTRUCUTURA,02-GASTOS DE ESTRUCUTURA,EXP 08xxxx2026 PYB - Rend. Marcelo 13xxxx08xxxx2026,43,2,2026-08-13,580479.03,0.0,0.0,580479.03,SI
749,5,78,4540,04-OTROS CREDITOS,04-OTROS CREDITOS,Rend. Marcelo 13xxxx08xxxx2026,43,2,2026-08-13,0.0,-200000.0,-200000.0,0.0,SI
750,5,3600,,01-DISPONIBILIDADES,01-DISPONIBILIDADES,Rend. Marcelo 13xxxx08xxxx2026,43,2,2026-08-13,0.0,-380479.03,-380479.03,0.0,SI
751,5,1822,4416,03-CREDITOS POR VENTAS,03-CREDITOS POR VENTAS,LOTE K 110 PYB 06 Y 07xxxx2026 - USD 2200,22,13,2026-08-14,0.0,-1457500.0,-1457500.0,0.0,SI
752,5,2,,01-DISPONIBILIDADES,01-DISPONIBILIDADES,LOTE K 110 PYB 06 Y 07xxxx2026 - USD 2200,22,13,2026-08-14,2915000.0,0.0,0.0,2915000.0,SI
753,5,4,39,01-DISPONIBILIDADES,01-DISPONIBILIDADES,Rend. Marcelo 14xxxx08xxxx2026,42,1,2026-08-14,1000000.0,0.0,0.0,1000000.0,SI
754,5,3870,,01-DISPONIBILIDADES,01-DISPONIBILIDADES,Rend. Marcelo 14xxxx08xxxx2026,42,1,2026-08-14,0.0,-1000000.0,-1000000.0,0.0,SI
755,5,38,3937,01-CUENTAS POR PAGAR,01-CUENTAS POR PAGAR,Rend. Marcelo 14xxxx08xxxx2026,43,1,2026-08-14,194630.0,0.0,0.0,194630.0,SI
756,5,3600,,01-DISPONIBILIDADES,01-DISPONIBILIDADES,Rend. Marcelo 14xxxx08xxxx2026,43,1,2026-08-14,0.0,-194630.0,-194630.0,0.0,SI
757,5,64,,02-DEUDAS FISCALES Y PREVISIONALES,02-DEUDAS FISCALES Y PREVISIONALES,PP IIBB CTA 4 WERCOLICH - Rend. Marcelo 18xxxx08xxxx2026,42,3,2026-08-18,927369.45,0.0,0.0,927369.45,SI
758,5,38,4135,01-CUENTAS POR PAGAR,01-CUENTAS POR PAGAR,O.P 23164,35,8,2026-08-19,11395089.01,0.0,0.0,11395089.01,SI
759,5,120,,02-DEUDAS FISCALES Y PREVISIONALES,02-DEUDAS FISCALES Y PREVISIONALES,O.P 23164,35,8,2026-08-19,0.0,-187005.18,-187005.18,0.0,SI
760,5,3906,39,01-CUENTAS POR PAGAR,01-CUENTAS POR PAGAR,O.P 23164,35,8,2026-08-19,0.0,-11208083.83,-11208083.83,0.0,SI
761,5,38,29,01-CUENTAS POR PAGAR,01-CUENTAS POR PAGAR,Rend. Marcelo 20xxxx08xxxx2026,42,2,2026-08-20,1788530.0,0.0,0.0,1788530.0,SI
762,5,38,2367,01-CUENTAS POR PAGAR,01-CUENTAS POR PAGAR,O.P 23210,35,1,2026-08-21,349950.0,0.0,0.0,349950.0,SI
763,5,60,,02-DEUDAS FISCALES Y PREVISIONALES,02-DEUDAS FISCALES Y PREVISIONALES,O.P 23210,35,1,2026-08-21,0.0,-5032.85,-5032.85,0.0,SI
764,5,3906,39,01-CUENTAS POR PAGAR,01-CUENTAS POR PAGAR,O.P 23210,35,1,2026-08-21,0.0,-344917.15,-344917.15,0.0,SI
765,5,124,42,03-DEUDAS BANCARIAS,03-DEUDAS BANCARIAS,Prest. Bcrio Santander Wercolich cta 44 - Rend. Marcelo 21xxxx08xxxx2026,42,1,2026-08-21,767828.73,0.0,0.0,767828.73,SI
766,5,1279,,02-GASTOS DE ESTRUCUTURA,02-GASTOS DE ESTRUCUTURA,Prest. Bcrio Santander Wercolich cta 44 - Rend. Marcelo 21xxxx08xxxx2026,42,1,2026-08-21,151683.81,0.0,0.0,151683.81,SI
767,5,25,,04-OTROS CREDITOS,04-OTROS CREDITOS,Prest. Bcrio Santander Wercolich cta 44 - Rend. Marcelo 21xxxx08xxxx2026,42,1,2026-08-21,15926.8,0.0,0.0,15926.8,SI
768,5,23,,04-OTROS CREDITOS,04-OTROS CREDITOS,Prest. Bcrio Santander Wercolich cta 44 - Rend. Marcelo 21xxxx08xxxx2026,42,1,2026-08-21,2275.26,0.0,0.0,2275.26,SI
769,5,2764,,03-CREDITOS POR VENTAS,03-CREDITOS POR VENTAS,Prest. Bcrio Santander Wercolich cta 44 - Rend. Marcelo 21xxxx08xxxx2026,42,1,2026-08-21,0.0,-151683.81,-151683.81,0.0,SI
770,5,38,2400,01-CUENTAS POR PAGAR,01-CUENTAS POR PAGAR,O.P 23201,35,6,2026-08-24,268928.74,0.0,0.0,268928.74,SI
771,5,4,39,01-DISPONIBILIDADES,01-DISPONIBILIDADES,O.P 23201,35,6,2026-08-24,0.0,-268928.74,-268928.74,0.0,SI
772,5,4,39,01-DISPONIBILIDADES,01-DISPONIBILIDADES,ANTICIPO SICORE 08xxxx2026,35,1,2026-08-25,0.0,-3279.24,-3279.24,0.0,SI
773,5,1822,4416,03-CREDITOS POR VENTAS,03-CREDITOS POR VENTAS,U$1.665 PRADOS DE Y.B L.K110 08xxxx2026,26,2,2026-08-26,0.0,-2206125.0,-2206125.0,0.0,SI
774,5,2,,01-DISPONIBILIDADES,01-DISPONIBILIDADES,U$1.665 PRADOS DE Y.B L.K110 08xxxx2026,26,2,2026-08-26,2206125.0,0.0,0.0,2206125.0,SI
775,5,38,2724,01-CUENTAS POR PAGAR,01-CUENTAS POR PAGAR,O.P 23245,35,8,2026-08-26,850000.0,0.0,0.0,850000.0,SI
776,5,4,39,01-DISPONIBILIDADES,01-DISPONIBILIDADES,O.P 23245,35,8,2026-08-26,0.0,-850000.0,-850000.0,0.0,SI
777,5,38,3938,01-CUENTAS POR PAGAR,01-CUENTAS POR PAGAR,O.P 23221,35,13,2026-08-26,1000000.0,0.0,0.0,1000000.0,SI
778,5,4,39,01-DISPONIBILIDADES,01-DISPONIBILIDADES,O.P 23221,35,13,2026-08-26,0.0,-1000000.0,-1000000.0,0.0,SI
779,5,38,3938,01-CUENTAS POR PAGAR,01-CUENTAS POR PAGAR,REVERSA DE PAGO O.P 23221 (RETIRO G.C.I),41,2,2026-08-26,0.0,-1000000.0,-1000000.0,0.0,SI
780,5,3600,,01-DISPONIBILIDADES,01-DISPONIBILIDADES,REVERSA DE PAGO O.P 23221 (RETIRO G.C.I),41,2,2026-08-26,1000000.0,0.0,0.0,1000000.0,SI
781,5,1822,4522,03-CREDITOS POR VENTAS,03-CREDITOS POR VENTAS,U$22.924 PRADOS DE YB L. 128 CANC. TERRENO (08.07.26),26,2,2026-08-27,0.0,-34500620.0,-34500620.0,0.0,SI
782,5,3855,,02-GASTOS DE ESTRUCUTURA,02-GASTOS DE ESTRUCUTURA,U$4 REDONDEO PRADOS DE YB L. 128 CANC. TERRENO (08.07.26),26,2,2026-08-27,6020.0,0.0,0.0,6020.0,SI
783,5,2124,,01-DISPONIBILIDADES,01-DISPONIBILIDADES,U$22.920 A $1.505 A.W LLEVO A C.S EMP. (08xxxx07),36,3,2026-08-27,34494600.0,0.0,0.0,34494600.0,SI
784,5,2,,01-DISPONIBILIDADES,01-DISPONIBILIDADES,U$22.920 A $1.505 A.W LLEVO A C.S EMP. (08xxxx07),36,3,2026-08-27,0.0,-34494600.0,-34494600.0,0.0,SI
785,5,3801,,01-RESULTADO ACTIVIDADES,01-RESULTADO ACTIVIDADES,Reversa Aut. Nro. 23332 - Honorarios coaching empresarial,41,2,2026-08-28,0.0,-1000000.0,-1000000.0,0.0,SI
786,5,33,,04-OTROS CREDITOS,04-OTROS CREDITOS,Gtos. Bcrios Wercolich Santander 08xxxx2026,39,2,2026-08-31,513.36,0.0,0.0,513.36,SI
787,5,1280,,02-GASTOS DE ESTRUCUTURA,02-GASTOS DE ESTRUCUTURA,Gtos. Bcrios Wercolich Santander 08xxxx2026,39,2,2026-08-31,69000.0,0.0,0.0,69000.0,SI
788,5,23,,04-OTROS CREDITOS,04-OTROS CREDITOS,Gtos. Bcrios Wercolich Santander 08xxxx2026,39,2,2026-08-31,2070.0,0.0,0.0,2070.0,SI
789,5,24,,04-OTROS CREDITOS,04-OTROS CREDITOS,Gtos. Bcrios Wercolich Santander 08xxxx2026,39,2,2026-08-31,14490.0,0.0,0.0,14490.0,SI
790,5,4,42,01-DISPONIBILIDADES,01-DISPONIBILIDADES,Gtos. Bcrios Wercolich Santander 08xxxx2026,39,2,2026-08-31,0.0,-86073.36,-86073.36,0.0,SI
791,5,33,,04-OTROS CREDITOS,04-OTROS CREDITOS,Gtos Bcrios Wercolich Frances 08xxxx2026,39,6,2026-08-31,54403.07,0.0,0.0,54403.07,SI
792,5,1280,,02-GASTOS DE ESTRUCUTURA,02-GASTOS DE ESTRUCUTURA,Gtos Bcrios Wercolich Frances 08xxxx2026,39,6,2026-08-31,70050.0,0.0,0.0,70050.0,SI
793,5,23,,04-OTROS CREDITOS,04-OTROS CREDITOS,Gtos Bcrios Wercolich Frances 08xxxx2026,39,6,2026-08-31,2070.0,0.0,0.0,2070.0,SI
794,5,29,,04-OTROS CREDITOS,04-OTROS CREDITOS,Gtos Bcrios Wercolich Frances 08xxxx2026,39,6,2026-08-31,68505.0,0.0,0.0,68505.0,SI
795,5,24,,04-OTROS CREDITOS,04-OTROS CREDITOS,Gtos Bcrios Wercolich Frances 08xxxx2026,39,6,2026-08-31,14710.5,0.0,0.0,14710.5,SI
796,5,25,,04-OTROS CREDITOS,04-OTROS CREDITOS,Gtos Bcrios Wercolich Frances 08xxxx2026,39,6,2026-08-31,45.98,0.0,0.0,45.98,SI
797,5,4,39,01-DISPONIBILIDADES,01-DISPONIBILIDADES,Gtos Bcrios Wercolich Frances 08xxxx2026,39,6,2026-08-31,0.0,-210244.39,-210244.39,0.0,SI
798,5,3600,,01-DISPONIBILIDADES,01-DISPONIBILIDADES,Gtos TC BBVA Wercolich - Vto 07xxxx09xxxx2026,41,1,2026-08-31,828158.44,0.0,0.0,828158.44,SI
799,5,1236,,02-GASTOS DE ESTRUCUTURA,02-GASTOS DE ESTRUCUTURA,Gtos TC BBVA Wercolich - Vto 07xxxx09xxxx2026,41,1,2026-08-31,0.0,-443247.7,-443247.7,0.0,SI
800,5,1262,,02-GASTOS DE ESTRUCUTURA,02-GASTOS DE ESTRUCUTURA,Gtos TC BBVA Wercolich - Vto 07xxxx09xxxx2026,41,1,2026-08-31,0.0,-70000.0,-70000.0,0.0,SI
801,5,1253,,02-GASTOS DE ESTRUCUTURA,02-GASTOS DE ESTRUCUTURA,Gtos TC BBVA Wercolich - Vto 07xxxx09xxxx2026,41,1,2026-08-31,0.0,-89932.0,-89932.0,0.0,SI
802,5,1260,,02-GASTOS DE ESTRUCUTURA,02-GASTOS DE ESTRUCUTURA,Gtos TC BBVA Wercolich - Vto 07xxxx09xxxx2026,41,1,2026-08-31,0.0,-47416.74,-47416.74,0.0,SI
803,5,1240,,02-GASTOS DE ESTRUCUTURA,02-GASTOS DE ESTRUCUTURA,Gtos TC BBVA Wercolich - Vto 07xxxx09xxxx2026,41,1,2026-08-31,0.0,-81583.35,-81583.35,0.0,SI
804,2,3891,,03-CREDITOS POR VENTAS,03-CREDITOS POR VENTAS,Reversión provisión Ingresos por obra 07xxxx2026,41,1,2026-08-01,0.0,-238373922.48,-238373922.48,0.0,SI
805,2,2450,,01-RESULTADO ACTIVIDADES,01-RESULTADO ACTIVIDADES,Reversión provisión Ingresos por obra 07xxxx2026,41,1,2026-08-01,2201401.68,0.0,0.0,2201401.68,SI
806,2,1806,,01-RESULTADO ACTIVIDADES,01-RESULTADO ACTIVIDADES,Reversión provisión Ingresos por obra 07xxxx2026,41,1,2026-08-01,7152123.36,0.0,0.0,7152123.36,SI
807,2,152,,01-DISPONIBILIDADES,01-DISPONIBILIDADES,COBRO DEL DÍA,25,1,2026-08-03,1700000.0,0.0,0.0,1700000.0,SI
808,2,4,41,01-DISPONIBILIDADES,01-DISPONIBILIDADES,COBRO DEL DÍA,25,1,2026-08-03,0.0,-1700000.0,-1700000.0,0.0,SI
809,2,80,58,04-OTROS CREDITOS,04-OTROS CREDITOS,MARCELO RINDE DEL 30xxxx07xxxx2026,26,1,2026-08-03,0.0,-15734.52,-15734.52,0.0,SI
810,2,1,,01-DISPONIBILIDADES,01-DISPONIBILIDADES,MARCELO RINDE DEL 30xxxx07xxxx2026,26,1,2026-08-03,15800.0,0.0,0.0,15800.0,SI
811,2,3855,,02-GASTOS DE ESTRUCUTURA,02-GASTOS DE ESTRUCUTURA,MARCELO RINDE DEL 30xxxx07xxxx2026,26,1,2026-08-03,0.0,-65.48,-65.48,0.0,SI
812,2,141,4516,03-CREDITOS POR VENTAS,03-CREDITOS POR VENTAS,ALQ. MAIPU 605 7A 08xxxx2026,26,2,2026-08-03,0.0,-400000.0,-400000.0,0.0,SI
813,2,1,,01-DISPONIBILIDADES,01-DISPONIBILIDADES,ALQ. MAIPU 605 7A 08xxxx2026,26,2,2026-08-03,400000.0,0.0,0.0,400000.0,SI
814,2,3883,470,04-OTROS CREDITOS,04-OTROS CREDITOS,U$100 RINDE G.C.I,26,4,2026-08-03,0.0,-156000.0,-156000.0,0.0,SI
815,2,2,,01-DISPONIBILIDADES,01-DISPONIBILIDADES,U$100 RINDE G.C.I,26,4,2026-08-03,156000.0,0.0,0.0,156000.0,SI
816,2,80,58,04-OTROS CREDITOS,04-OTROS CREDITOS,Rend. Marcelo 03xxxx08xxxx2026,28,1,2026-08-03,0.0,-495664.71,-495664.71,0.0,SI
817,2,3600,,01-DISPONIBILIDADES,01-DISPONIBILIDADES,Rend. Marcelo 03xxxx08xxxx2026,28,1,2026-08-03,495664.71,0.0,0.0,495664.71,SI
818,2,4,44,01-DISPONIBILIDADES,01-DISPONIBILIDADES,TRANSF.  DE BBVA A BNA NORF.,35,1,2026-08-03,540000.0,0.0,0.0,540000.0,SI
819,2,4,41,01-DISPONIBILIDADES,01-DISPONIBILIDADES,TRANSF.  DE BBVA A BNA NORF.,35,1,2026-08-03,0.0,-540000.0,-540000.0,0.0,SI
820,2,38,3054,01-CUENTAS POR PAGAR,01-CUENTAS POR PAGAR,O.P 23151,36,1,2026-08-03,200000.0,0.0,0.0,200000.0,SI
821,2,1,,01-DISPONIBILIDADES,01-DISPONIBILIDADES,O.P 23151,36,1,2026-08-03,0.0,-200000.0,-200000.0,0.0,SI
822,2,38,4122,01-CUENTAS POR PAGAR,01-CUENTAS POR PAGAR,O.P 23144,36,3,2026-08-03,1856700.0,0.0,0.0,1856700.0,SI
823,2,15,110,03-CREDITOS POR VENTAS,03-CREDITOS POR VENTAS,O.P 23144,36,3,2026-08-03,0.0,-615143.6,-615143.6,0.0,SI
824,2,1,,01-DISPONIBILIDADES,01-DISPONIBILIDADES,O.P 23144,36,3,2026-08-03,0.0,-1179000.0,-1179000.0,0.0,SI
825,2,3855,,02-GASTOS DE ESTRUCUTURA,02-GASTOS DE ESTRUCUTURA,O.P 23144,36,3,2026-08-03,3.31,0.0,0.0,3.31,SI
826,2,3,,01-DISPONIBILIDADES,01-DISPONIBILIDADES,A RENDIR SILVIA 03xxxx08xxxx2026,36,5,2026-08-03,15000.0,0.0,0.0,15000.0,SI
827,2,1,,01-DISPONIBILIDADES,01-DISPONIBILIDADES,A RENDIR SILVIA 03xxxx08xxxx2026,36,5,2026-08-03,0.0,-30000.0,-30000.0,0.0,SI
828,2,80,58,04-OTROS CREDITOS,04-OTROS CREDITOS,A RENDIR MARCELO 03xxxx08xxxx2026,36,6,2026-08-03,505000.0,0.0,0.0,505000.0,SI
829,2,1,,01-DISPONIBILIDADES,01-DISPONIBILIDADES,A RENDIR MARCELO 03xxxx08xxxx2026,36,6,2026-08-03,0.0,-505000.0,-505000.0,0.0,SI
830,2,149,470,04-OTROS CREDITOS,04-OTROS CREDITOS,RETIRO G.C.I,36,7,2026-08-03,400000.0,0.0,0.0,400000.0,SI
831,2,1,,01-DISPONIBILIDADES,01-DISPONIBILIDADES,RETIRO G.C.I,36,7,2026-08-03,0.0,-400000.0,-400000.0,0.0,SI
832,2,149,472,04-OTROS CREDITOS,04-OTROS CREDITOS,RETIRO E.L (CUOTA ALIM.),36,8,2026-08-03,800000.0,0.0,0.0,800000.0,SI
833,2,1,,01-DISPONIBILIDADES,01-DISPONIBILIDADES,RETIRO E.L (CUOTA ALIM.),36,8,2026-08-03,0.0,-800000.0,-800000.0,0.0,SI
834,2,149,470,04-OTROS CREDITOS,04-OTROS CREDITOS,RETIROS G.C.I,36,10,2026-08-03,1941000.0,0.0,0.0,1941000.0,SI
835,2,1,,01-DISPONIBILIDADES,01-DISPONIBILIDADES,RETIROS G.C.I,36,10,2026-08-03,0.0,-2041000.0,-2041000.0,0.0,SI
836,2,1349,,02-GASTOS DE ESTRUCUTURA,02-GASTOS DE ESTRUCUTURA,COCHERA A.WxxxxEMP.,36,11,2026-08-03,45000.0,0.0,0.0,45000.0,SI
837,2,1,,01-DISPONIBILIDADES,01-DISPONIBILIDADES,COCHERA A.WxxxxEMP.,36,11,2026-08-03,0.0,-45000.0,-45000.0,0.0,SI
838,2,149,472,04-OTROS CREDITOS,04-OTROS CREDITOS,RETIRO E.L (IIBB xxxxTRANSF. LOTE 12 P. DEL LIB),36,12,2026-08-03,1250.0,0.0,0.0,1250.0,SI
839,2,1,,01-DISPONIBILIDADES,01-DISPONIBILIDADES,RETIRO E.L (IIBB xxxxTRANSF. LOTE 12 P. DEL LIB),36,12,2026-08-03,0.0,-50000.0,-50000.0,0.0,SI
840,2,15,110,03-CREDITOS POR VENTAS,03-CREDITOS POR VENTAS,CH. E CHICCO BATIA PxxxxO.P 23144 RMI NORF.,41,2,2026-08-03,19124.71,0.0,0.0,19124.71,SI
841,2,3600,,01-DISPONIBILIDADES,01-DISPONIBILIDADES,CH. E CHICCO BATIA PxxxxO.P 23144 RMI NORF.,41,2,2026-08-03,0.0,-677703.31,-677703.31,0.0,SI
842,2,1236,,02-GASTOS DE ESTRUCUTURA,02-GASTOS DE ESTRUCUTURA,Caja de seg. A.W empresa - Rend. Marcelo 03xxxx08xxxx2026,43,1,2026-08-03,70000.0,0.0,0.0,70000.0,SI
843,2,149,469,04-OTROS CREDITOS,04-OTROS CREDITOS,RUS A.W - Rend. Marcelo 03xxxx08xxxx2026,43,1,2026-08-03,81391.0,0.0,0.0,81391.0,SI
844,2,149,470,04-OTROS CREDITOS,04-OTROS CREDITOS,Telecom casa Perla - Rend. Marcelo 03xxxx08xxxx2026,43,1,2026-08-03,39373.71,0.0,0.0,39373.71,SI
845,2,1252,,02-GASTOS DE ESTRUCUTURA,02-GASTOS DE ESTRUCUTURA,Rend. Marcelo 03xxxx08xxxx2026,43,1,2026-08-03,4900.0,0.0,0.0,4900.0,SI
846,2,3600,,01-DISPONIBILIDADES,01-DISPONIBILIDADES,Rend. Marcelo 03xxxx08xxxx2026,43,1,2026-08-03,0.0,-195664.71,-195664.71,0.0,SI
847,2,55,4323,01-CUENTAS POR PAGAR,01-CUENTAS POR PAGAR,ANTICIPO FAC. CERT. 07xxxx2026,25,1,2026-08-04,0.0,-93000000.0,-93000000.0,0.0,SI
848,2,15,4323,03-CREDITOS POR VENTAS,03-CREDITOS POR VENTAS,ANTICIPO FAC. CERT. 07xxxx2026 CREDICOOP COOP.LTDO.,25,1,2026-08-04,10000000.0,0.0,0.0,10000000.0,SI
849,2,141,4419,03-CREDITOS POR VENTAS,03-CREDITOS POR VENTAS,ALQ. MAIPU 605 7D 08xxxx2026,25,2,2026-08-04,0.0,-64000.0,-64000.0,0.0,SI
850,2,152,,01-DISPONIBILIDADES,01-DISPONIBILIDADES,ALQ. MAIPU 605 7D 08xxxx2026,25,2,2026-08-04,384000.0,0.0,0.0,384000.0,SI
851,2,15,4323,03-CREDITOS POR VENTAS,03-CREDITOS POR VENTAS,DEPOSITO CH. FID. RIO CREDICOOP COOP.LTDO.,25,3,2026-08-04,0.0,-10000000.0,-10000000.0,0.0,SI
852,2,4,44,01-DISPONIBILIDADES,01-DISPONIBILIDADES,DEPOSITO CH. FID. RIO,25,3,2026-08-04,93000000.0,0.0,0.0,93000000.0,SI
853,2,3,,01-DISPONIBILIDADES,01-DISPONIBILIDADES,A RENDIR SILVIA 04xxxx08xxxx2026,36,1,2026-08-04,15000.0,0.0,0.0,15000.0,SI
854,2,149,469,04-OTROS CREDITOS,04-OTROS CREDITOS,TRANSF. DEL 30xxxx07xxxx26xxxxIIBB LOTE P. DEL LIB.,36,2,2026-08-04,1750.0,0.0,0.0,1750.0,SI
855,2,1,,01-DISPONIBILIDADES,01-DISPONIBILIDADES,A.W TRANSF. LOTE P. DEL LIB DEL 30xxxx07xxxx26 (RETIRO+IIBB),36,2,2026-08-04,0.0,-50000.0,-50000.0,0.0,SI
856,2,38,3891,01-CUENTAS POR PAGAR,01-CUENTAS POR PAGAR,O.P 23155,36,3,2026-08-04,143082.0,0.0,0.0,143082.0,SI
857,2,149,469,04-OTROS CREDITOS,04-OTROS CREDITOS,RETIRO A.W (TRANSF. CHICCO 04xxxx08xxxx26),36,4,2026-08-04,400000.0,0.0,0.0,400000.0,SI
858,2,1,,01-DISPONIBILIDADES,01-DISPONIBILIDADES,RETIRO A.W (TRANSF. CHICCO 04xxxx08xxxx26),36,4,2026-08-04,0.0,-400000.0,-400000.0,0.0,SI
859,2,80,58,04-OTROS CREDITOS,04-OTROS CREDITOS,A RENDIR MARCELO 04xxxx08xxxx2026,36,5,2026-08-04,1770000.0,0.0,0.0,1770000.0,SI
860,2,149,470,04-OTROS CREDITOS,04-OTROS CREDITOS,RETIRO G.C.I,36,6,2026-08-04,110000.0,0.0,0.0,110000.0,SI
861,2,149,472,04-OTROS CREDITOS,04-OTROS CREDITOS,RETIRO E.L,36,7,2026-08-04,500000.0,0.0,0.0,500000.0,SI
862,2,80,58,04-OTROS CREDITOS,04-OTROS CREDITOS,A RENDIR MARCELO 04xxxx8xxxx2026,36,8,2026-08-04,300000.0,0.0,0.0,300000.0,SI
863,2,38,266,01-CUENTAS POR PAGAR,01-CUENTAS POR PAGAR,Rend. Marcelo 04xxxx08xxxx2026,42,1,2026-08-04,52730.18,0.0,0.0,52730.18,SI
864,2,3870,,01-DISPONIBILIDADES,01-DISPONIBILIDADES,Rend. Marcelo 04xxxx08xxxx2026,42,1,2026-08-04,0.0,-52730.18,-52730.18,0.0,SI
865,2,141,4484,03-CREDITOS POR VENTAS,03-CREDITOS POR VENTAS,ALQ. MAIPU 605 7B 08xxxx2026,25,1,2026-08-05,0.0,-42000.0,-42000.0,0.0,SI
866,2,141,4195,03-CREDITOS POR VENTAS,03-CREDITOS POR VENTAS,ALQ. MAIPU 605 5F 07xxxx2026 + A CTA DIF. DEP. GTÍA.,25,2,2026-08-05,0.0,-45000.0,-45000.0,0.0,SI
867,2,143,4195,03-CREDITOS POR VENTAS,03-CREDITOS POR VENTAS,ALQ. MAIPU 605 5F 07xxxx2026 + A CTA DIF. DEP. GTÍA.,25,2,2026-08-05,0.0,-39000.0,-39000.0,0.0,SI
868,2,141,2189,03-CREDITOS POR VENTAS,03-CREDITOS POR VENTAS,ALQ. MAIPU 605 7C 08xxxx2026,26,1,2026-08-05,0.0,-129000.0,-129000.0,0.0,SI
869,2,1347,4195,03-CREDITOS POR VENTAS,03-CREDITOS POR VENTAS,MAIPU 605 5F A CTA. GTOS. ADM.,26,2,2026-08-05,0.0,-21000.0,-21000.0,0.0,SI
870,2,80,58,04-OTROS CREDITOS,04-OTROS CREDITOS,A RENDIR MARCELO 31xxxx07xxxx2026,36,1,2026-08-05,72893.0,0.0,0.0,72893.0,SI
871,2,3855,,02-GASTOS DE ESTRUCUTURA,02-GASTOS DE ESTRUCUTURA,A RENDIR MARCELO 31xxxx07xxxx2026,36,1,2026-08-05,7.0,0.0,0.0,7.0,SI
872,2,3,,01-DISPONIBILIDADES,01-DISPONIBILIDADES,A RENDIR SILVIA 05xxxx08xxxx2026,36,2,2026-08-05,15000.0,0.0,0.0,15000.0,SI
873,2,149,470,04-OTROS CREDITOS,04-OTROS CREDITOS,RETIRO G.C.I (TRANSF. ANDREA LOTE 44 PRADOS DEL LIB.),36,3,2026-08-05,50000.0,0.0,0.0,50000.0,SI
874,2,149,470,04-OTROS CREDITOS,04-OTROS CREDITOS,RETIRO G.C.I,36,4,2026-08-05,1000000.0,0.0,0.0,1000000.0,SI
875,2,149,469,04-OTROS CREDITOS,04-OTROS CREDITOS,RETIRO A.W,36,5,2026-08-05,200000.0,0.0,0.0,200000.0,SI
876,2,3,,01-DISPONIBILIDADES,01-DISPONIBILIDADES,FONDO SILVIA 05xxxx08xxxx2026,36,6,2026-08-05,15000.0,0.0,0.0,15000.0,SI
877,2,80,58,04-OTROS CREDITOS,04-OTROS CREDITOS,A RENDIR MARCELO 05xxxx08xxxx2026,36,7,2026-08-05,1275000.0,0.0,0.0,1275000.0,SI
878,2,38,4240,01-CUENTAS POR PAGAR,01-CUENTAS POR PAGAR,Rend. Marcelo 05xxxx08xxxx2026,42,1,2026-08-05,189252.18,0.0,0.0,189252.18,SI
879,2,3855,,02-GASTOS DE ESTRUCUTURA,02-GASTOS DE ESTRUCUTURA,Rend. Marcelo 05xxxx08xxxx2026,42,1,2026-08-05,0.0,-0.28,-0.28,0.0,SI
880,2,1260,,02-GASTOS DE ESTRUCUTURA,02-GASTOS DE ESTRUCUTURA,Seguro Finca tafi - Rend. Marcelo 05xxxx08xxxx2026,43,1,2026-08-05,5431.01,0.0,0.0,5431.01,SI
881,2,141,3285,03-CREDITOS POR VENTAS,03-CREDITOS POR VENTAS,ALQ. MAIPU 605 1D 08xxxx2026,25,1,2026-08-06,0.0,-52000.0,-52000.0,0.0,SI
882,2,1608,2434,03-CREDITOS POR VENTAS,03-CREDITOS POR VENTAS,COBRO CERT.9 M.O 07xxxx2026 FAC. 2-353,25,2,2026-08-06,0.0,-12100000.0,-12100000.0,0.0,SI
883,2,4,44,01-DISPONIBILIDADES,01-DISPONIBILIDADES,COBRO CERT.9 M.O 07xxxx2026 FAC. 2-353,25,2,2026-08-06,12100000.0,0.0,0.0,12100000.0,SI
884,2,1608,4299,03-CREDITOS POR VENTAS,03-CREDITOS POR VENTAS,COBRO A CTA. CERT.21 M.O 07xxxx2026 FAC. 2-352,25,3,2026-08-06,0.0,-20000000.0,-20000000.0,0.0,SI
885,2,4,41,01-DISPONIBILIDADES,01-DISPONIBILIDADES,COBRO A CTA. CERT.21 M.O 07xxxx2026 FAC. 2-352,25,3,2026-08-06,15940000.0,0.0,0.0,15940000.0,SI
886,2,80,58,04-OTROS CREDITOS,04-OTROS CREDITOS,RINDE MARCELO DEL 04xxxx08xxxx2026,26,2,2026-08-06,0.0,-3049.17,-3049.17,0.0,SI
887,2,3855,,02-GASTOS DE ESTRUCUTURA,02-GASTOS DE ESTRUCUTURA,RINDE MARCELO DEL 04xxxx08xxxx2026,26,2,2026-08-06,0.0,-0.83,-0.83,0.0,SI
888,2,1608,4282,03-CREDITOS POR VENTAS,03-CREDITOS POR VENTAS,COBRO DIF ADM Y DT CERT. 24 ESTxxxx9 ALB 07xxxx2026,26,4,2026-08-06,0.0,-7152123.36,-7152123.36,0.0,SI
889,2,1,,01-DISPONIBILIDADES,01-DISPONIBILIDADES,COBRO DIF ADM Y DT CERT. 24 ESTxxxx9 ALB 07xxxx2026,26,4,2026-08-06,7152123.36,0.0,0.0,7152123.36,SI
890,2,1608,4058,03-CREDITOS POR VENTAS,03-CREDITOS POR VENTAS,COBRO CERT.7 (M) M.O 07xxxx2026,26,5,2026-08-06,0.0,-10755570.73,-10755570.73,0.0,SI
891,2,1,,01-DISPONIBILIDADES,01-DISPONIBILIDADES,COBRO CERT.7 (M) M.O 07xxxx2026 + SDO. CERT. 06xxxx2026,26,5,2026-08-06,10843000.0,0.0,0.0,10843000.0,SI
892,2,3855,,02-GASTOS DE ESTRUCUTURA,02-GASTOS DE ESTRUCUTURA,COBRO CERT.7 (M) M.O 07xxxx2026 + SDO. CERT. 06xxxx2026,26,5,2026-08-06,1544.93,0.0,0.0,1544.93,SI
893,2,38,2547,01-CUENTAS POR PAGAR,01-CUENTAS POR PAGAR,O.P 23157,35,1,2026-08-06,122900.0,0.0,0.0,122900.0,SI
894,2,4,18,01-DISPONIBILIDADES,01-DISPONIBILIDADES,TRANSF. DE BCO. BBVA A SANTANDER NORF.,35,3,2026-08-06,1500000.0,0.0,0.0,1500000.0,SI
895,2,4,41,01-DISPONIBILIDADES,01-DISPONIBILIDADES,TRANSF. DE BCO. BBVA A SANTANDER NORF.,35,3,2026-08-06,0.0,-1500000.0,-1500000.0,0.0,SI
896,2,4,41,01-DISPONIBILIDADES,01-DISPONIBILIDADES,TRANSF. DE BCO. BNA A BBVA NORF.,35,4,2026-08-06,79000000.0,0.0,0.0,79000000.0,SI
897,2,4,44,01-DISPONIBILIDADES,01-DISPONIBILIDADES,TRANSF. DE BCO. BNA A BBVA NORF.,35,4,2026-08-06,0.0,-79000000.0,-79000000.0,0.0,SI
898,2,4,44,01-DISPONIBILIDADES,01-DISPONIBILIDADES,TRANSF. DE BCO. BBVA A BNA NORF.,35,5,2026-08-06,1035000.0,0.0,0.0,1035000.0,SI
899,2,4,41,01-DISPONIBILIDADES,01-DISPONIBILIDADES,TRANSF. DE BCO. BBVA A BNA NORF.,35,5,2026-08-06,0.0,-1035000.0,-1035000.0,0.0,SI
900,2,43,,02-DEUDAS FISCALES Y PREVISIONALES,02-DEUDAS FISCALES Y PREVISIONALES,SUELDO MENS. ADM. 07xxxx2026,35,6,2026-08-06,11969725.0,0.0,0.0,11969725.0,SI
901,2,4,41,01-DISPONIBILIDADES,01-DISPONIBILIDADES,SUELDO MENS. ADM. 07xxxx2026,35,6,2026-08-06,0.0,-11969725.0,-11969725.0,0.0,SI
902,2,43,,02-DEUDAS FISCALES Y PREVISIONALES,02-DEUDAS FISCALES Y PREVISIONALES,LIQ. 2Q. 07xxxx2026,35,7,2026-08-06,31591890.0,0.0,0.0,31591890.0,SI
903,2,4,41,01-DISPONIBILIDADES,01-DISPONIBILIDADES,LIQ. 2Q. 07xxxx2026,35,7,2026-08-06,0.0,-31591890.0,-31591890.0,0.0,SI
904,2,43,,02-DEUDAS FISCALES Y PREVISIONALES,02-DEUDAS FISCALES Y PREVISIONALES,LIQ. 2Q. 07xxxx2026,35,8,2026-08-06,1381130.0,0.0,0.0,1381130.0,SI
905,2,4,18,01-DISPONIBILIDADES,01-DISPONIBILIDADES,LIQ. 2Q. 07xxxx2026,35,8,2026-08-06,0.0,-1381130.0,-1381130.0,0.0,SI
906,2,43,,02-DEUDAS FISCALES Y PREVISIONALES,02-DEUDAS FISCALES Y PREVISIONALES,SUELDO ADM. SOC. 07xxxx2026,35,9,2026-08-06,60000.0,0.0,0.0,60000.0,SI
907,2,4,18,01-DISPONIBILIDADES,01-DISPONIBILIDADES,SUELDO ADM. SOC. 07xxxx2026,35,9,2026-08-06,0.0,-60000.0,-60000.0,0.0,SI
908,2,4,41,01-DISPONIBILIDADES,01-DISPONIBILIDADES,TRANSF. DE BCO. BNA A BBVA NORF.,35,10,2026-08-06,12100000.0,0.0,0.0,12100000.0,SI
909,2,4,44,01-DISPONIBILIDADES,01-DISPONIBILIDADES,TRANSF. DE BCO. BNA A BBVA NORF.,35,10,2026-08-06,0.0,-12100000.0,-12100000.0,0.0,SI
910,2,43,,02-DEUDAS FISCALES Y PREVISIONALES,02-DEUDAS FISCALES Y PREVISIONALES,SUELDO MENS. ADM. (M) 07xxxx2026,36,2,2026-08-06,8459400.0,0.0,0.0,8459400.0,SI
911,2,1235,,02-GASTOS DE ESTRUCUTURA,02-GASTOS DE ESTRUCUTURA,PUBLICIDAD APLICACIÓN (DEV. A.W),36,6,2026-08-06,200000.0,0.0,0.0,200000.0,SI
912,2,80,469,04-OTROS CREDITOS,04-OTROS CREDITOS,A RENDIR A.W,36,7,2026-08-06,10843000.0,0.0,0.0,10843000.0,SI
913,2,149,470,04-OTROS CREDITOS,04-OTROS CREDITOS,RETIRO G.C.I (HIJAS),36,8,2026-08-06,1900000.0,0.0,0.0,1900000.0,SI
914,2,80,58,04-OTROS CREDITOS,04-OTROS CREDITOS,A RENDIR MARCELO 05xxxx08xxxx2026,36,9,2026-08-06,18543.02,0.0,0.0,18543.02,SI
915,2,1,,01-DISPONIBILIDADES,01-DISPONIBILIDADES,A RENDIR MARCELO 05xxxx08xxxx2026,36,9,2026-08-06,0.0,-18500.0,-18500.0,0.0,SI
916,2,3855,,02-GASTOS DE ESTRUCUTURA,02-GASTOS DE ESTRUCUTURA,A RENDIR MARCELO 05xxxx08xxxx2026,36,9,2026-08-06,0.0,-43.02,-43.02,0.0,SI
917,2,80,58,04-OTROS CREDITOS,04-OTROS CREDITOS,A RENDIR MARCELO 06xxxx08xxxx2026,36,10,2026-08-06,4185000.0,0.0,0.0,4185000.0,SI
918,2,38,2296,01-CUENTAS POR PAGAR,01-CUENTAS POR PAGAR,Rend. Marcelo 06xxxx08xxxx2026,42,1,2026-08-06,681912.56,0.0,0.0,681912.56,SI
919,2,185,,01-RESULTADO ACTIVIDADES,01-RESULTADO ACTIVIDADES,Rend. Marcelo 06xxxx08xxxx2026,42,1,2026-08-06,11247.0,0.0,0.0,11247.0,SI
920,2,149,472,04-OTROS CREDITOS,04-OTROS CREDITOS,Jardin Delfi - Rend. Marcelo 06xxxx08xxxx2026,43,1,2026-08-06,282000.0,0.0,0.0,282000.0,SI
921,2,1349,,02-GASTOS DE ESTRUCUTURA,02-GASTOS DE ESTRUCUTURA,Alq. cochera GCI - Rend. Marcelo 06xxxx08xxxx2026,43,1,2026-08-06,150000.0,0.0,0.0,150000.0,SI
922,2,38,4250,01-CUENTAS POR PAGAR,01-CUENTAS POR PAGAR,Rend. Marcelo 06xxxx08xxxx2026,43,1,2026-08-06,140000.0,0.0,0.0,140000.0,SI
923,2,141,4451,03-CREDITOS POR VENTAS,03-CREDITOS POR VENTAS,ALQ. MAIPU 605 4A 08xxxx2026,25,1,2026-08-07,0.0,-43000.0,-43000.0,0.0,SI
924,2,141,4332,03-CREDITOS POR VENTAS,03-CREDITOS POR VENTAS,ALQ. MAIPU 605 5B 08xxxx2026,25,2,2026-08-07,0.0,-129000.0,-129000.0,0.0,SI
925,2,141,3381,03-CREDITOS POR VENTAS,03-CREDITOS POR VENTAS,ALQ. MAIPU 605 8D 08xxxx2026,25,3,2026-08-07,0.0,-116000.0,-116000.0,0.0,SI
926,2,152,,01-DISPONIBILIDADES,01-DISPONIBILIDADES,ALQ. MAIPU 605 8D 08xxxx2026,25,3,2026-08-07,356000.0,0.0,0.0,356000.0,SI
927,2,141,4511,03-CREDITOS POR VENTAS,03-CREDITOS POR VENTAS,ALQ. LAP. 401 3D 08xxxx2026,25,4,2026-08-07,0.0,-350000.0,-350000.0,0.0,SI
928,2,152,,01-DISPONIBILIDADES,01-DISPONIBILIDADES,ALQ. LAP. 401 3D 08xxxx2026,25,4,2026-08-07,350000.0,0.0,0.0,350000.0,SI
929,2,141,1351,03-CREDITOS POR VENTAS,03-CREDITOS POR VENTAS,ALQ. MAIPU 605 8B 08xxxx2026,26,1,2026-08-07,0.0,-103000.0,-103000.0,0.0,SI
930,2,1608,2434,03-CREDITOS POR VENTAS,03-CREDITOS POR VENTAS,COBRO A CTA CERT.9 M.O 07xxxx2026 (M),26,2,2026-08-07,0.0,-29170000.0,-29170000.0,0.0,SI
931,2,1608,1392,03-CREDITOS POR VENTAS,03-CREDITOS POR VENTAS,COBRO CERT.62 M.O 07xxxx2026,26,3,2026-08-07,0.0,-2200000.0,-2200000.0,0.0,SI
932,2,1,,01-DISPONIBILIDADES,01-DISPONIBILIDADES,COBRO CERT.62 M.O 07xxxx2026,26,3,2026-08-07,2200000.0,0.0,0.0,2200000.0,SI
933,2,3883,58,04-OTROS CREDITOS,04-OTROS CREDITOS,U$135 RINDE MARCELO,26,4,2026-08-07,0.0,-207630.0,-207630.0,0.0,SI
934,2,80,469,04-OTROS CREDITOS,04-OTROS CREDITOS,A.W RINDE,26,5,2026-08-07,0.0,-10843000.0,-10843000.0,0.0,SI
935,2,38,3241,01-CUENTAS POR PAGAR,01-CUENTAS POR PAGAR,OP 23182 ROMANO PASCUAL,36,1,2026-08-07,450000.0,0.0,0.0,450000.0,SI
936,2,43,,02-DEUDAS FISCALES Y PREVISIONALES,02-DEUDAS FISCALES Y PREVISIONALES,LIQ. 2Q. 07xxxx2026 (M) INST. SANITARIA,36,3,2026-08-07,1631600.0,0.0,0.0,1631600.0,SI
937,2,38,2538,01-CUENTAS POR PAGAR,01-CUENTAS POR PAGAR,O.P 23148,36,4,2026-08-07,2907000.0,0.0,0.0,2907000.0,SI
938,2,149,469,04-OTROS CREDITOS,04-OTROS CREDITOS,EMI (M.W),36,6,2026-08-07,2194985.0,0.0,0.0,2194985.0,SI
939,2,3855,,02-GASTOS DE ESTRUCUTURA,02-GASTOS DE ESTRUCUTURA,EMI (M.W),36,6,2026-08-07,0.0,-35.0,-35.0,0.0,SI
940,2,38,3891,01-CUENTAS POR PAGAR,01-CUENTAS POR PAGAR,O.P 23190,36,8,2026-08-07,1671441.0,0.0,0.0,1671441.0,SI
941,2,3855,,02-GASTOS DE ESTRUCUTURA,02-GASTOS DE ESTRUCUTURA,O.P 23190,36,8,2026-08-07,0.0,-41.0,-41.0,0.0,SI
942,2,38,2724,01-CUENTAS POR PAGAR,01-CUENTAS POR PAGAR,O.P 23171,36,9,2026-08-07,1600000.0,0.0,0.0,1600000.0,SI
943,2,3,,01-DISPONIBILIDADES,01-DISPONIBILIDADES,A RENDIR SILVIA 07xxxx08xxxx2026,36,11,2026-08-07,15000.0,0.0,0.0,15000.0,SI
944,2,149,470,04-OTROS CREDITOS,04-OTROS CREDITOS,EMPLEADA JULIA G.C.I,36,12,2026-08-07,500000.0,0.0,0.0,500000.0,SI
945,2,149,470,04-OTROS CREDITOS,04-OTROS CREDITOS,CANC. SUELDO. JULIA EMP. G.C.I,36,13,2026-08-07,63500.0,0.0,0.0,63500.0,SI
946,2,1,,01-DISPONIBILIDADES,01-DISPONIBILIDADES,CANC. SUELDO. JULIA EMP. G.C.I,36,13,2026-08-07,0.0,-63500.0,-63500.0,0.0,SI
947,2,38,3900,01-CUENTAS POR PAGAR,01-CUENTAS POR PAGAR,O.P 23196xxxx23198,36,14,2026-08-07,5605193.0,0.0,0.0,5605193.0,SI
948,2,1,,01-DISPONIBILIDADES,01-DISPONIBILIDADES,O.P 23196xxxx23198,36,14,2026-08-07,0.0,-8040000.0,-8040000.0,0.0,SI
949,2,3855,,02-GASTOS DE ESTRUCUTURA,02-GASTOS DE ESTRUCUTURA,O.P 23196xxxx23198,36,14,2026-08-07,0.0,-91.72,-91.72,0.0,SI
950,2,43,,02-DEUDAS FISCALES Y PREVISIONALES,02-DEUDAS FISCALES Y PREVISIONALES,LIQ. 2Q. 07xxxx2026 (M) CAT. Y CORR.,36,16,2026-08-07,8203500.0,0.0,0.0,8203500.0,SI
951,2,1,,01-DISPONIBILIDADES,01-DISPONIBILIDADES,LIQ. 2Q. 07xxxx2026 (M) CAT. Y CORR.,36,16,2026-08-07,0.0,-8203500.0,-8203500.0,0.0,SI
952,2,43,,02-DEUDAS FISCALES Y PREVISIONALES,02-DEUDAS FISCALES Y PREVISIONALES,LIQ. 2Q. 07xxxx2026 (M) BS.AS 744,36,17,2026-08-07,1117600.0,0.0,0.0,1117600.0,SI
953,2,1,,01-DISPONIBILIDADES,01-DISPONIBILIDADES,LIQ. 2Q. 07xxxx2026 (M) BS.AS 744,36,17,2026-08-07,0.0,-1117600.0,-1117600.0,0.0,SI
954,2,43,,02-DEUDAS FISCALES Y PREVISIONALES,02-DEUDAS FISCALES Y PREVISIONALES,LIQ. 2Q. 07xxxx2026 (M) FRANCIA,36,18,2026-08-07,1814600.0,0.0,0.0,1814600.0,SI
955,2,1,,01-DISPONIBILIDADES,01-DISPONIBILIDADES,LIQ. 2Q. 07xxxx2026 (M) FRANCIA,36,18,2026-08-07,0.0,-1814600.0,-1814600.0,0.0,SI
956,2,43,,02-DEUDAS FISCALES Y PREVISIONALES,02-DEUDAS FISCALES Y PREVISIONALES,LIQ. 2Q. 07xxxx2026 (M) RIOJA 474 ALB.,36,19,2026-08-07,9013500.0,0.0,0.0,9013500.0,SI
957,2,1,,01-DISPONIBILIDADES,01-DISPONIBILIDADES,LIQ. 2Q. 07xxxx2026 (M) RIOJA 474 ALB.,36,19,2026-08-07,0.0,-9013500.0,-9013500.0,0.0,SI
958,2,80,500968,04-OTROS CREDITOS,04-OTROS CREDITOS,A RENDIR MAXIMILIANO VELIZ,36,20,2026-08-07,3569.02,0.0,0.0,3569.02,SI
959,2,1,,01-DISPONIBILIDADES,01-DISPONIBILIDADES,A RENDIR MAXIMILIANO VELIZ,36,20,2026-08-07,0.0,-3600.0,-3600.0,0.0,SI
960,2,3855,,02-GASTOS DE ESTRUCUTURA,02-GASTOS DE ESTRUCUTURA,A RENDIR MAXIMILIANO VELIZ,36,20,2026-08-07,30.98,0.0,0.0,30.98,SI
961,2,1386,,01-RESULTADO ACTIVIDADES,01-RESULTADO ACTIVIDADES,SEMANAL ROQUE DEL 27xxxx07 AL 01xxxx08 Y DEL 03xxxx08 AL 08xxxx08xxxx2026,36,21,2026-08-07,107700.0,0.0,0.0,107700.0,SI
962,2,1,,01-DISPONIBILIDADES,01-DISPONIBILIDADES,SEMANAL ROQUE DEL 27xxxx07 AL 01xxxx08 Y DEL 03xxxx08 AL 08xxxx08xxxx2026,36,21,2026-08-07,0.0,-225400.0,-225400.0,0.0,SI
963,2,43,,02-DEUDAS FISCALES Y PREVISIONALES,02-DEUDAS FISCALES Y PREVISIONALES,LIQ. 2Q. 07xxxx2026 (M),36,22,2026-08-07,420800.0,0.0,0.0,420800.0,SI
964,2,1,,01-DISPONIBILIDADES,01-DISPONIBILIDADES,LIQ. 2Q. 07xxxx2026 (M),36,22,2026-08-07,0.0,-420800.0,-420800.0,0.0,SI
965,2,43,,02-DEUDAS FISCALES Y PREVISIONALES,02-DEUDAS FISCALES Y PREVISIONALES,LIQ. 1Q. 07xxxx2026 (M) RIOJA 474,36,23,2026-08-07,6784100.0,0.0,0.0,6784100.0,SI
966,2,1,,01-DISPONIBILIDADES,01-DISPONIBILIDADES,LIQ. 1Q. 07xxxx2026 (M) RIOJA 474,36,23,2026-08-07,0.0,-6784100.0,-6784100.0,0.0,SI
967,2,1420,,01-RESULTADO ACTIVIDADES,01-RESULTADO ACTIVIDADES,SERENO CAT. Y CORR.,36,24,2026-08-07,472000.0,0.0,0.0,472000.0,SI
968,2,1,,01-DISPONIBILIDADES,01-DISPONIBILIDADES,SERENO CAT. Y CORR.,36,24,2026-08-07,0.0,-472000.0,-472000.0,0.0,SI
969,2,1420,,01-RESULTADO ACTIVIDADES,01-RESULTADO ACTIVIDADES,SERENO BS.AS 744,36,25,2026-08-07,472000.0,0.0,0.0,472000.0,SI
970,2,1,,01-DISPONIBILIDADES,01-DISPONIBILIDADES,SERENO BS.AS 744,36,25,2026-08-07,0.0,-472000.0,-472000.0,0.0,SI
971,2,38,2425,01-CUENTAS POR PAGAR,01-CUENTAS POR PAGAR,O.P 23197,36,26,2026-08-07,200000.0,0.0,0.0,200000.0,SI
972,2,1,,01-DISPONIBILIDADES,01-DISPONIBILIDADES,O.P 23197,36,26,2026-08-07,0.0,-200000.0,-200000.0,0.0,SI
973,2,80,58,04-OTROS CREDITOS,04-OTROS CREDITOS,A RENDIR MARCELO 07xxxx08xxxx2026,36,27,2026-08-07,16250000.0,0.0,0.0,16250000.0,SI
974,2,1,,01-DISPONIBILIDADES,01-DISPONIBILIDADES,A RENDIR MARCELO 07xxxx08xxxx2026,36,27,2026-08-07,0.0,-16250000.0,-16250000.0,0.0,SI
975,2,1266,,02-GASTOS DE ESTRUCUTURA,02-GASTOS DE ESTRUCUTURA,AGASAJO CECI CUMPLE,36,28,2026-08-07,34400.0,0.0,0.0,34400.0,SI
976,2,1,,01-DISPONIBILIDADES,01-DISPONIBILIDADES,AGASAJO CECI CUMPLE,36,28,2026-08-07,0.0,-34400.0,-34400.0,0.0,SI
977,2,56,,01-APORT Y RET DE LOS PROPIETARIOS,01-APORT Y RET DE LOS PROPIETARIOS,CERT. FIRMAS,36,29,2026-08-07,90000.0,0.0,0.0,90000.0,SI
978,2,1,,01-DISPONIBILIDADES,01-DISPONIBILIDADES,CERT. FIRMAS,36,29,2026-08-07,0.0,-90000.0,-90000.0,0.0,SI
979,2,38,4209,01-CUENTAS POR PAGAR,01-CUENTAS POR PAGAR,U$800 A CTA. O.P 23187,36,30,2026-08-07,1200000.0,0.0,0.0,1200000.0,SI
980,2,2,,01-DISPONIBILIDADES,01-DISPONIBILIDADES,U$800 A CTA. O.P 23187,36,30,2026-08-07,0.0,-1200000.0,-1200000.0,0.0,SI
981,2,149,472,04-OTROS CREDITOS,04-OTROS CREDITOS,RETIRO E.L,36,31,2026-08-07,700000.0,0.0,0.0,700000.0,SI
982,2,1,,01-DISPONIBILIDADES,01-DISPONIBILIDADES,RETIRO E.L,36,31,2026-08-07,0.0,-700000.0,-700000.0,0.0,SI
983,2,149,469,04-OTROS CREDITOS,04-OTROS CREDITOS,RETIRO A.W,36,32,2026-08-07,1200000.0,0.0,0.0,1200000.0,SI
984,2,1,,01-DISPONIBILIDADES,01-DISPONIBILIDADES,RETIRO A.W,36,32,2026-08-07,0.0,-1200000.0,-1200000.0,0.0,SI
985,2,1349,,02-GASTOS DE ESTRUCUTURA,02-GASTOS DE ESTRUCUTURA,COCHERA EMP.xxxxA.W,36,33,2026-08-07,50000.0,0.0,0.0,50000.0,SI
986,2,1,,01-DISPONIBILIDADES,01-DISPONIBILIDADES,COCHERA EMP.xxxxA.W,36,33,2026-08-07,0.0,-50000.0,-50000.0,0.0,SI
987,2,149,470,04-OTROS CREDITOS,04-OTROS CREDITOS,RETIRO G.C.I,36,34,2026-08-07,500000.0,0.0,0.0,500000.0,SI
988,2,1,,01-DISPONIBILIDADES,01-DISPONIBILIDADES,RETIRO G.C.I,36,34,2026-08-07,0.0,-500000.0,-500000.0,0.0,SI
989,2,3883,58,04-OTROS CREDITOS,04-OTROS CREDITOS,U$3.008 A RENDIR MARCELO 07xxxx08xxxx2026,36,35,2026-08-07,4626304.0,0.0,0.0,4626304.0,SI
990,2,2,,01-DISPONIBILIDADES,01-DISPONIBILIDADES,U$3.008 A RENDIR MARCELO 07xxxx08xxxx2026,36,35,2026-08-07,0.0,-4626304.0,-4626304.0,0.0,SI
991,2,38,378,01-CUENTAS POR PAGAR,01-CUENTAS POR PAGAR,Rend. Marcelo 07xxxx08xxxx2026,42,1,2026-08-07,45070.0,0.0,0.0,45070.0,SI
992,2,56,,01-APORT Y RET DE LOS PROPIETARIOS,01-APORT Y RET DE LOS PROPIETARIOS,Dep. Priscila Chaile - Rend. Marcelo 07xxxx08xxxx2026,43,1,2026-08-07,500000.0,0.0,0.0,500000.0,SI
993,2,1264,,02-GASTOS DE ESTRUCUTURA,02-GASTOS DE ESTRUCUTURA,Rend. Silvia 0666xxxx3 desde 03xxxx08 hasta 07xxxx08xxxx2026,43,3,2026-08-07,10000.0,0.0,0.0,10000.0,SI
994,2,1260,,02-GASTOS DE ESTRUCUTURA,02-GASTOS DE ESTRUCUTURA,Rend. Silvia 0666xxxx3 desde 03xxxx08 hasta 07xxxx08xxxx2026,43,3,2026-08-07,6600.0,0.0,0.0,6600.0,SI
995,2,1266,,02-GASTOS DE ESTRUCUTURA,02-GASTOS DE ESTRUCUTURA,Rend. Silvia 0666xxxx3 desde 03xxxx08 hasta 07xxxx08xxxx2026,43,3,2026-08-07,5800.0,0.0,0.0,5800.0,SI
996,2,1252,,02-GASTOS DE ESTRUCUTURA,02-GASTOS DE ESTRUCUTURA,Rend. Silvia 0666xxxx3 desde 03xxxx08 hasta 07xxxx08xxxx2026,43,3,2026-08-07,3000.0,0.0,0.0,3000.0,SI
997,2,3,,01-DISPONIBILIDADES,01-DISPONIBILIDADES,Rend. Silvia 0666xxxx3 desde 03xxxx08 hasta 07xxxx08xxxx2026,43,3,2026-08-07,0.0,-184200.0,-184200.0,0.0,SI
998,2,141,4512,03-CREDITOS POR VENTAS,03-CREDITOS POR VENTAS,ALQ. MAIPU 605 8F 08xxxx2026,25,1,2026-08-10,0.0,-400000.0,-400000.0,0.0,SI
999,2,141,2993,03-CREDITOS POR VENTAS,03-CREDITOS POR VENTAS,ALQ.MAIPU 605 9F 08xxxx2026,25,2,2026-08-10,0.0,-100000.0,-100000.0,0.0,SI
1000,2,141,4433,03-CREDITOS POR VENTAS,03-CREDITOS POR VENTAS,ALQ. LAP. 401 1-4 08xxxx2026,25,3,2026-08-10,0.0,-59000.0,-59000.0,0.0,SI
1001,2,141,3987,03-CREDITOS POR VENTAS,03-CREDITOS POR VENTAS,ALQ. LAP. 401 5-20 08xxxx2026,25,4,2026-08-10,0.0,-103000.0,-103000.0,0.0,SI
1002,2,141,4432,03-CREDITOS POR VENTAS,03-CREDITOS POR VENTAS,ALQ. LAP. 401 1A 08xxxx2026,25,5,2026-08-10,0.0,-59000.0,-59000.0,0.0,SI
1003,2,152,,01-DISPONIBILIDADES,01-DISPONIBILIDADES,ALQ. LAP. 401 1A 08xxxx2026,25,5,2026-08-10,339000.0,0.0,0.0,339000.0,SI
1004,2,141,4486,03-CREDITOS POR VENTAS,03-CREDITOS POR VENTAS,ALQ. LAP. 401 3-9 08xxxx2026,25,7,2026-08-10,0.0,-330000.0,-330000.0,0.0,SI
1005,2,152,,01-DISPONIBILIDADES,01-DISPONIBILIDADES,ALQ. LAP. 401 3-9 08xxxx2026,25,7,2026-08-10,370000.0,0.0,0.0,370000.0,SI
1006,2,141,4072,03-CREDITOS POR VENTAS,03-CREDITOS POR VENTAS,ALQ. MAIPU 605 4D 08xxxx2026,25,8,2026-08-10,0.0,-400000.0,-400000.0,0.0,SI
1007,2,152,,01-DISPONIBILIDADES,01-DISPONIBILIDADES,ALQ. MAIPU 605 4D 08xxxx2026,25,8,2026-08-10,400000.0,0.0,0.0,400000.0,SI
1008,2,141,4221,03-CREDITOS POR VENTAS,03-CREDITOS POR VENTAS,ALQ. MAIPU 605 9C 08xxxx2026,25,9,2026-08-10,0.0,-430000.0,-430000.0,0.0,SI
1009,2,152,,01-DISPONIBILIDADES,01-DISPONIBILIDADES,ALQ. MAIPU 605 9C 08xxxx2026,25,9,2026-08-10,430000.0,0.0,0.0,430000.0,SI
1010,2,141,4424,03-CREDITOS POR VENTAS,03-CREDITOS POR VENTAS,ALQ. MAIPU 605 1 E 08xxxx2026,25,10,2026-08-10,0.0,-60000.0,-60000.0,0.0,SI
1011,2,152,,01-DISPONIBILIDADES,01-DISPONIBILIDADES,ALQ. MAIPU 605 1 E 08xxxx2026,25,10,2026-08-10,360000.0,0.0,0.0,360000.0,SI
1012,2,141,4118,03-CREDITOS POR VENTAS,03-CREDITOS POR VENTAS,ALQ. MAIPU 605 4F 08xxxx2026,25,11,2026-08-10,0.0,-430000.0,-430000.0,0.0,SI
1013,2,152,,01-DISPONIBILIDADES,01-DISPONIBILIDADES,ALQ. MAIPU 605 4F 08xxxx2026,25,11,2026-08-10,430000.0,0.0,0.0,430000.0,SI
1014,2,141,4363,03-CREDITOS POR VENTAS,03-CREDITOS POR VENTAS,ALQ. LAP. 401 2-5 A CTA. 08xxxx2026,25,12,2026-08-10,0.0,-150000.0,-150000.0,0.0,SI
1015,2,152,,01-DISPONIBILIDADES,01-DISPONIBILIDADES,ALQ. LAP. 401 2-5 A CTA. 08xxxx2026,25,12,2026-08-10,150000.0,0.0,0.0,150000.0,SI
1016,2,141,4333,03-CREDITOS POR VENTAS,03-CREDITOS POR VENTAS,ALQ. MAIPU 605 5E 08xxxx2026,26,1,2026-08-10,0.0,-129000.0,-129000.0,0.0,SI
1017,2,141,4344,03-CREDITOS POR VENTAS,03-CREDITOS POR VENTAS,ALQ. MAIPU 605 5D 08xxxx2026,26,2,2026-08-10,0.0,-118000.0,-118000.0,0.0,SI
1018,2,38,2887,01-CUENTAS POR PAGAR,01-CUENTAS POR PAGAR,O.P 23167,35,1,2026-08-10,25608.37,0.0,0.0,25608.37,SI
1019,2,3906,44,01-CUENTAS POR PAGAR,01-CUENTAS POR PAGAR,O.P 23167,35,1,2026-08-10,0.0,-25608.37,-25608.37,0.0,SI
1020,2,38,2627,01-CUENTAS POR PAGAR,01-CUENTAS POR PAGAR,O.P 23159xxxx23160,35,2,2026-08-10,80493.46,0.0,0.0,80493.46,SI
1021,2,3906,44,01-CUENTAS POR PAGAR,01-CUENTAS POR PAGAR,O.P 23159xxxx23160,35,2,2026-08-10,0.0,-141692.3,-141692.3,0.0,SI
1022,2,38,2400,01-CUENTAS POR PAGAR,01-CUENTAS POR PAGAR,O.P 23156,35,3,2026-08-10,8150.52,0.0,0.0,8150.52,SI
1023,2,4,44,01-DISPONIBILIDADES,01-DISPONIBILIDADES,O.P 23156,35,3,2026-08-10,0.0,-8150.52,-8150.52,0.0,SI
1024,2,38,2400,01-CUENTAS POR PAGAR,01-CUENTAS POR PAGAR,O.P 23120,35,4,2026-08-10,18404.76,0.0,0.0,18404.76,SI
1025,2,149,470,04-OTROS CREDITOS,04-OTROS CREDITOS,RETIRO G.C.I (TRANSFxxxx DE L.5),36,1,2026-08-10,2890000.0,0.0,0.0,2890000.0,SI
1026,2,80,58,04-OTROS CREDITOS,04-OTROS CREDITOS,A RENDIR MARCELO 04xxxx08xxxx2026,36,2,2026-08-10,1000.0,0.0,0.0,1000.0,SI
1027,2,38,2238,01-CUENTAS POR PAGAR,01-CUENTAS POR PAGAR,O.P 23180,36,4,2026-08-10,442500.0,0.0,0.0,442500.0,SI
1028,2,38,4207,01-CUENTAS POR PAGAR,01-CUENTAS POR PAGAR,O.P 23172,36,6,2026-08-10,990000.0,0.0,0.0,990000.0,SI
1029,2,38,2664,01-CUENTAS POR PAGAR,01-CUENTAS POR PAGAR,O.P 23192,36,7,2026-08-10,122075.0,0.0,0.0,122075.0,SI
1030,2,3855,,02-GASTOS DE ESTRUCUTURA,02-GASTOS DE ESTRUCUTURA,O.P 23192,36,7,2026-08-10,0.0,-75.0,-75.0,0.0,SI
1031,2,3,,01-DISPONIBILIDADES,01-DISPONIBILIDADES,A RENDIR SILVIA 10xxxx08xxxx2026,36,8,2026-08-10,15000.0,0.0,0.0,15000.0,SI
1032,2,149,469,04-OTROS CREDITOS,04-OTROS CREDITOS,RETIRO A.W,36,9,2026-08-10,300000.0,0.0,0.0,300000.0,SI
1033,2,38,284,01-CUENTAS POR PAGAR,01-CUENTAS POR PAGAR,O.P 23181,36,10,2026-08-10,1564600.0,0.0,0.0,1564600.0,SI
1034,2,43,,02-DEUDAS FISCALES Y PREVISIONALES,02-DEUDAS FISCALES Y PREVISIONALES,LIQ. 2Q 07xxxx2026 (M) TORRES S.P,36,11,2026-08-10,10877600.0,0.0,0.0,10877600.0,SI
1035,2,43,,02-DEUDAS FISCALES Y PREVISIONALES,02-DEUDAS FISCALES Y PREVISIONALES,LIQ. 2Q. 07xxxx2026 (M) TORRES S.P ALB.,36,12,2026-08-10,8250300.0,0.0,0.0,8250300.0,SI
1036,2,1420,,01-RESULTADO ACTIVIDADES,01-RESULTADO ACTIVIDADES,SERENO RIOJA 474,36,13,2026-08-10,472000.0,0.0,0.0,472000.0,SI
1037,2,38,3968,01-CUENTAS POR PAGAR,01-CUENTAS POR PAGAR,A CTA. O.P 22712,36,14,2026-08-10,250000.0,0.0,0.0,250000.0,SI
1038,2,149,470,04-OTROS CREDITOS,04-OTROS CREDITOS,RETIRO G.C.I,36,15,2026-08-10,300000.0,0.0,0.0,300000.0,SI
1039,2,1,,01-DISPONIBILIDADES,01-DISPONIBILIDADES,RETIRO G.C.I,36,15,2026-08-10,0.0,-300000.0,-300000.0,0.0,SI
1040,2,80,58,04-OTROS CREDITOS,04-OTROS CREDITOS,A RENDIR MARCELO 10xxxx08xxxx2026,36,16,2026-08-10,16754700.0,0.0,0.0,16754700.0,SI
1041,2,1236,,02-GASTOS DE ESTRUCUTURA,02-GASTOS DE ESTRUCUTURA,Compra con TC BBVA Norfork - Aerolineas Arg Comp Cred Fiscal 1286214,40,3,2026-08-10,345696.66,0.0,0.0,345696.66,SI
1042,2,25,,04-OTROS CREDITOS,04-OTROS CREDITOS,Compra con TC BBVA Norfork - Aerolineas Arg Comp Cred Fiscal 1286214,40,3,2026-08-10,30732.2,0.0,0.0,30732.2,SI
1043,2,24,,04-OTROS CREDITOS,04-OTROS CREDITOS,Compra con TC BBVA Norfork - Aerolineas Arg Comp Cred Fiscal 1286214,40,3,2026-08-10,4788.0,0.0,0.0,4788.0,SI
1044,2,3831,41,01-CUENTAS POR PAGAR,01-CUENTAS POR PAGAR,Compra con TC BBVA Norfork - Aerolineas Arg Comp Cred Fiscal 1286214,40,3,2026-08-10,0.0,-381216.86,-381216.86,0.0,SI
1045,2,38,54,01-CUENTAS POR PAGAR,01-CUENTAS POR PAGAR,Rend. Marcelo 10xxxx08xxxx2026,42,1,2026-08-10,56509.98,0.0,0.0,56509.98,SI
1046,2,1274,,01-RESULTADO ACTIVIDADES,01-RESULTADO ACTIVIDADES,CISI 08xxxx26 Oficina - Rend. Marcelo 10xxxx08xxxx2026,43,1,2026-08-10,37834.02,0.0,0.0,37834.02,SI
1047,2,1245,,02-GASTOS DE ESTRUCUTURA,02-GASTOS DE ESTRUCUTURA,SAT 08xxxx26 Oficina - Rend. Marcelo 10xxxx08xxxx2026,43,1,2026-08-10,53613.08,0.0,0.0,53613.08,SI
1048,2,1900,,01-RESULTADO ACTIVIDADES,01-RESULTADO ACTIVIDADES,SAT Galpon - Rend. Marcelo 10xxxx08xxxx2026,43,1,2026-08-10,23722.63,0.0,0.0,23722.63,SI
1049,2,1977,41,02-INVERSIONES,02-INVERSIONES,RESCATE DE F.C.I,25,1,2026-08-11,0.0,-1300000.0,-1300000.0,0.0,SI
1050,2,2,,01-DISPONIBILIDADES,01-DISPONIBILIDADES,CPRA U$ PAGO T.C CORPORATIVA NORF. BBVA,25,2,2026-08-11,662720.0,0.0,0.0,662720.0,SI
1051,2,3870,,01-DISPONIBILIDADES,01-DISPONIBILIDADES,CPRA U$ PAGO T.C CORPORATIVA NORF. BBVA,25,2,2026-08-11,0.0,-662720.0,-662720.0,0.0,SI
1052,2,3883,58,04-OTROS CREDITOS,04-OTROS CREDITOS,MARCELO RINDE,26,3,2026-08-11,0.0,-4418674.0,-4418674.0,0.0,SI
1053,2,2,,01-DISPONIBILIDADES,01-DISPONIBILIDADES,MARCELO RINDE,26,3,2026-08-11,4418674.0,0.0,0.0,4418674.0,SI
1054,2,3831,41,01-CUENTAS POR PAGAR,01-CUENTAS POR PAGAR,PAGO T.C VISA NORFORK,35,1,2026-08-11,1609794.43,0.0,0.0,1609794.43,SI
1055,2,1977,41,02-INVERSIONES,02-INVERSIONES,SUSCRIPCIÓN DE F.C.I,35,2,2026-08-11,32000000.0,0.0,0.0,32000000.0,SI
1056,2,4,41,01-DISPONIBILIDADES,01-DISPONIBILIDADES,SUSCRIPCIÓN DE F.C.I,35,2,2026-08-11,0.0,-32000000.0,-32000000.0,0.0,SI
1057,2,1977,41,02-INVERSIONES,02-INVERSIONES,SUSCRIPCIÓN DE F.C.I,35,3,2026-08-11,26000000.0,0.0,0.0,26000000.0,SI
1058,2,38,66,01-CUENTAS POR PAGAR,01-CUENTAS POR PAGAR,O.P 23158,35,4,2026-08-11,45980.0,0.0,0.0,45980.0,SI
1059,2,38,66,01-CUENTAS POR PAGAR,01-CUENTAS POR PAGAR,O.P 23132,35,5,2026-08-11,54450.0,0.0,0.0,54450.0,SI
1060,2,3831,41,01-CUENTAS POR PAGAR,01-CUENTAS POR PAGAR,U$436 T.C VISA BBVA NORF.,35,6,2026-08-11,662720.0,0.0,0.0,662720.0,SI
1061,2,2,,01-DISPONIBILIDADES,01-DISPONIBILIDADES,U$436 T.C VISA BBVA NORF.,35,6,2026-08-11,0.0,-662720.0,-662720.0,0.0,SI
1062,2,1804,,02-DEUDAS FISCALES Y PREVISIONALES,02-DEUDAS FISCALES Y PREVISIONALES,EMBARGO OBRERO VELIZ KIARAxxxxBRITO LUCAS E.,35,8,2026-08-11,149121.03,0.0,0.0,149121.03,SI
1063,2,4,41,01-DISPONIBILIDADES,01-DISPONIBILIDADES,EMBARGO OBRERO VELIZ KIARAxxxxBRITO LUCAS E.,35,8,2026-08-11,0.0,-149121.03,-149121.03,0.0,SI
1064,2,38,286,01-CUENTAS POR PAGAR,01-CUENTAS POR PAGAR,O.P 23166,35,9,2026-08-11,98600.0,0.0,0.0,98600.0,SI
1065,2,4,41,01-DISPONIBILIDADES,01-DISPONIBILIDADES,O.P 23166,35,9,2026-08-11,0.0,-98600.0,-98600.0,0.0,SI
1066,2,38,4292,01-CUENTAS POR PAGAR,01-CUENTAS POR PAGAR,O.P 23193,35,10,2026-08-11,300000.0,0.0,0.0,300000.0,SI
1067,2,38,4250,01-CUENTAS POR PAGAR,01-CUENTAS POR PAGAR,O.P 23188,35,11,2026-08-11,816750.0,0.0,0.0,816750.0,SI
1068,2,4,41,01-DISPONIBILIDADES,01-DISPONIBILIDADES,O.P 23188,35,11,2026-08-11,0.0,-816750.0,-816750.0,0.0,SI
1069,2,38,4293,01-CUENTAS POR PAGAR,01-CUENTAS POR PAGAR,O.P 23176,35,12,2026-08-11,70000.0,0.0,0.0,70000.0,SI
1070,2,4,41,01-DISPONIBILIDADES,01-DISPONIBILIDADES,O.P 23176,35,12,2026-08-11,0.0,-70000.0,-70000.0,0.0,SI
1071,2,38,3903,01-CUENTAS POR PAGAR,01-CUENTAS POR PAGAR,O.P 23184,35,13,2026-08-11,172500.0,0.0,0.0,172500.0,SI
1072,2,4,41,01-DISPONIBILIDADES,01-DISPONIBILIDADES,O.P 23184,35,13,2026-08-11,0.0,-172500.0,-172500.0,0.0,SI
1073,2,38,2664,01-CUENTAS POR PAGAR,01-CUENTAS POR PAGAR,O.P 23191,35,14,2026-08-11,12100.0,0.0,0.0,12100.0,SI
1074,2,4,41,01-DISPONIBILIDADES,01-DISPONIBILIDADES,O.P 23191,35,14,2026-08-11,0.0,-12100.0,-12100.0,0.0,SI
1075,2,38,4292,01-CUENTAS POR PAGAR,01-CUENTAS POR PAGAR,O.P 23202,36,1,2026-08-11,300000.0,0.0,0.0,300000.0,SI
1076,2,3600,,01-DISPONIBILIDADES,01-DISPONIBILIDADES,REVERSA CPRA DOL. PxxxxPAGO T.C CORP. BBVA NORF.,36,2,2026-08-11,662720.0,0.0,0.0,662720.0,SI
1077,2,2,,01-DISPONIBILIDADES,01-DISPONIBILIDADES,REVERSA CPRA DOL. PxxxxPAGO T.C CORP. BBVA NORF.,36,2,2026-08-11,0.0,-662720.0,-662720.0,0.0,SI
1078,2,149,469,04-OTROS CREDITOS,04-OTROS CREDITOS,U$35 A $1.520 VISA BBVA A.W,36,3,2026-08-11,53200.0,0.0,0.0,53200.0,SI
1079,2,2,,01-DISPONIBILIDADES,01-DISPONIBILIDADES,U$35 A $1.520 VISA BBVA A.W,36,3,2026-08-11,0.0,-53200.0,-53200.0,0.0,SI
1080,2,149,472,04-OTROS CREDITOS,04-OTROS CREDITOS,U$2 A $1.520 T.C MASTER BBVA E.L,36,4,2026-08-11,3040.0,0.0,0.0,3040.0,SI
1081,2,2,,01-DISPONIBILIDADES,01-DISPONIBILIDADES,U$2 A $1.520 T.C MASTER BBVA E.L,36,4,2026-08-11,0.0,-3040.0,-3040.0,0.0,SI
1082,2,149,470,04-OTROS CREDITOS,04-OTROS CREDITOS,U$13 A $1.520 VISA BBVA E.C.I,36,5,2026-08-11,19760.0,0.0,0.0,19760.0,SI
1083,2,2,,01-DISPONIBILIDADES,01-DISPONIBILIDADES,U$13 A $1.520 VISA BBVA E.C.I,36,5,2026-08-11,0.0,-19760.0,-19760.0,0.0,SI
1084,2,80,500968,04-OTROS CREDITOS,04-OTROS CREDITOS,A RENDIR MAXIMILIANO,36,6,2026-08-11,80000.0,0.0,0.0,80000.0,SI
1085,2,3,,01-DISPONIBILIDADES,01-DISPONIBILIDADES,A RENDIR SILVIA 11xxxx08xxxx2026,36,7,2026-08-11,15000.0,0.0,0.0,15000.0,SI
1086,2,80,469,04-OTROS CREDITOS,04-OTROS CREDITOS,A RENDIR A.W,36,8,2026-08-11,32000000.0,0.0,0.0,32000000.0,SI
1087,2,80,470,04-OTROS CREDITOS,04-OTROS CREDITOS,A RENDIR G.C.I (CITROMAX),36,9,2026-08-11,3600000.0,0.0,0.0,3600000.0,SI
1088,2,149,472,04-OTROS CREDITOS,04-OTROS CREDITOS,RETIRO E.L,36,11,2026-08-11,300000.0,0.0,0.0,300000.0,SI
1089,2,80,58,04-OTROS CREDITOS,04-OTROS CREDITOS,A RENDIR MARCELO 10xxxx08xxxx2026,36,12,2026-08-11,2000.0,0.0,0.0,2000.0,SI
1090,2,80,58,04-OTROS CREDITOS,04-OTROS CREDITOS,A RENDIR MARCELO 11xxxx08xxxx2026,36,13,2026-08-11,434000.0,0.0,0.0,434000.0,SI
1091,2,47,,02-DEUDAS FISCALES Y PREVISIONALES,02-DEUDAS FISCALES Y PREVISIONALES,UOCRA 07xxxx2026,35,7,2026-08-12,5388227.49,0.0,0.0,5388227.49,SI
1092,2,44,,02-DEUDAS FISCALES Y PREVISIONALES,02-DEUDAS FISCALES Y PREVISIONALES,SUSS 07xxxx2026,35,8,2026-08-12,8301098.04,0.0,0.0,8301098.04,SI
1093,2,45,,02-DEUDAS FISCALES Y PREVISIONALES,02-DEUDAS FISCALES Y PREVISIONALES,SUSS 07xxxx2026,35,8,2026-08-12,14686496.28,0.0,0.0,14686496.28,SI
1094,2,4,44,01-DISPONIBILIDADES,01-DISPONIBILIDADES,SUSS 07xxxx2026,35,8,2026-08-12,0.0,-27529748.99,-27529748.99,0.0,SI
1095,2,1977,41,02-INVERSIONES,02-INVERSIONES,SUSCRIPCIÓN DE F.C.I,35,9,2026-08-12,9000000.0,0.0,0.0,9000000.0,SI
1096,2,60,,02-DEUDAS FISCALES Y PREVISIONALES,02-DEUDAS FISCALES Y PREVISIONALES,SICORE 07xxxx2026 NORFORK,35,11,2026-08-12,75312.28,0.0,0.0,75312.28,SI
1097,2,120,,02-DEUDAS FISCALES Y PREVISIONALES,02-DEUDAS FISCALES Y PREVISIONALES,SICORE 07xxxx2026 NORFORK,35,11,2026-08-12,168753.0,0.0,0.0,168753.0,SI
1098,2,4,44,01-DISPONIBILIDADES,01-DISPONIBILIDADES,SICORE 07xxxx2026 NORFORK,35,11,2026-08-12,0.0,-244065.28,-244065.28,0.0,SI
1099,2,2822,,02-DEUDAS FISCALES Y PREVISIONALES,02-DEUDAS FISCALES Y PREVISIONALES,UECARA 07xxxx2026,35,12,2026-08-12,360464.21,0.0,0.0,360464.21,SI
1100,2,80,470,04-OTROS CREDITOS,04-OTROS CREDITOS,A RENDIR G.C.I (U$100 PERLA),36,5,2026-08-12,153000.0,0.0,0.0,153000.0,SI
1101,2,38,4209,01-CUENTAS POR PAGAR,01-CUENTAS POR PAGAR,U$800 SDO. O.P 23187,36,6,2026-08-12,1200000.0,0.0,0.0,1200000.0,SI
1102,2,2,,01-DISPONIBILIDADES,01-DISPONIBILIDADES,U$800 SDO. O.P 23187,36,6,2026-08-12,0.0,-1200000.0,-1200000.0,0.0,SI
1103,2,71,,02-DEUDAS FISCALES Y PREVISIONALES,02-DEUDAS FISCALES Y PREVISIONALES,SALUD PUBLICA 07xxxx2026 - Rend. Marcelo 12xxxx08xxxx2026,42,1,2026-08-12,2477865.73,0.0,0.0,2477865.73,SI
1104,2,80,58,04-OTROS CREDITOS,04-OTROS CREDITOS,MARCELO RINDE DEL 11xxxx08xxxx2026,22,4,2026-08-13,0.0,-6103.0,-6103.0,0.0,SI
1105,2,1,,01-DISPONIBILIDADES,01-DISPONIBILIDADES,MARCELO RINDE DEL 11xxxx08xxxx2026,22,4,2026-08-13,6100.0,0.0,0.0,6100.0,SI
1106,2,3855,,02-GASTOS DE ESTRUCUTURA,02-GASTOS DE ESTRUCUTURA,MARCELO RINDE DEL 11xxxx08xxxx2026,22,4,2026-08-13,3.0,0.0,0.0,3.0,SI
1107,2,141,3983,03-CREDITOS POR VENTAS,03-CREDITOS POR VENTAS,ALQ. MAIPU 605 8A 08xxxx2026,25,1,2026-08-13,0.0,-103000.0,-103000.0,0.0,SI
1108,2,2285,,01-RESULTADO ACTIVIDADES,01-RESULTADO ACTIVIDADES,MAIPU 605 8A INT. 08xxxx2026,26,1,2026-08-13,0.0,-23000.0,-23000.0,0.0,SI
1109,2,3856,469,04-OTROS CREDITOS,04-OTROS CREDITOS,PRESTÁMO A.W (REDES SOC.),35,1,2026-08-13,150000.0,0.0,0.0,150000.0,SI
1110,2,3883,470,04-OTROS CREDITOS,04-OTROS CREDITOS,U$2.500 A RENDIR G.C.I,36,2,2026-08-13,3837500.0,0.0,0.0,3837500.0,SI
1111,2,38,281,01-CUENTAS POR PAGAR,01-CUENTAS POR PAGAR,O.P 23189,36,6,2026-08-13,719280.0,0.0,0.0,719280.0,SI
1112,2,3856,469,04-OTROS CREDITOS,04-OTROS CREDITOS,REVERSA PREST. A.W (REDES SOC.),41,1,2026-08-13,0.0,-150000.0,-150000.0,0.0,SI
1113,2,3600,,01-DISPONIBILIDADES,01-DISPONIBILIDADES,REVERSA PREST. A.W (REDES SOC.),41,1,2026-08-13,150000.0,0.0,0.0,150000.0,SI
1114,2,1235,,02-GASTOS DE ESTRUCUTURA,02-GASTOS DE ESTRUCUTURA,REDES SOC. APLIC. ($ DE CUENTA DE A.W),41,2,2026-08-13,150000.0,0.0,0.0,150000.0,SI
1115,2,1608,4299,03-CREDITOS POR VENTAS,03-CREDITOS POR VENTAS,COBRO CERT.21 M.O 07xxxx2026 FAC. 2-352,25,2,2026-08-14,0.0,-9335513.49,-9335513.49,0.0,SI
1116,2,20,,04-OTROS CREDITOS,04-OTROS CREDITOS,COBRO CERT.21 M.O 07xxxx2026 FAC. 2-352,25,2,2026-08-14,529616.12,0.0,0.0,529616.12,SI
1117,2,4,41,01-DISPONIBILIDADES,01-DISPONIBILIDADES,COBRO CERT.21 M.O 07xxxx2026 FAC. 2-352,25,2,2026-08-14,8140000.0,0.0,0.0,8140000.0,SI
1118,2,29,,04-OTROS CREDITOS,04-OTROS CREDITOS,COBRO CERT.21 M.O 07xxxx2026 FAC. 2-352,25,2,2026-08-14,663699.4,0.0,0.0,663699.4,SI
1119,2,141,4494,03-CREDITOS POR VENTAS,03-CREDITOS POR VENTAS,ALQ MAIPU 605 4E 08xxxx2026,25,3,2026-08-14,0.0,-380000.0,-380000.0,0.0,SI
1120,2,1,,01-DISPONIBILIDADES,01-DISPONIBILIDADES,ALQ MAIPU 605 4E 08xxxx2026,25,3,2026-08-14,380000.0,0.0,0.0,380000.0,SI
1121,2,1608,2434,03-CREDITOS POR VENTAS,03-CREDITOS POR VENTAS,COBRO A CTA CERT.9 (M) M.O 07xxxx2026,26,3,2026-08-14,0.0,-8588300.0,-8588300.0,0.0,SI
1122,2,80,470,04-OTROS CREDITOS,04-OTROS CREDITOS,RINDE G.C.I,26,4,2026-08-14,0.0,-3600000.0,-3600000.0,0.0,SI
1123,2,1545,18,02-DEUDAS FISCALES Y PREVISIONALES,02-DEUDAS FISCALES Y PREVISIONALES,PAGO PLAN V149198 C.8 VEP,35,1,2026-08-14,2726139.67,0.0,0.0,2726139.67,SI
1124,2,1284,,02-GASTOS DE ESTRUCUTURA,02-GASTOS DE ESTRUCUTURA,PAGO PLAN V149198 C.8 VEP,35,1,2026-08-14,219908.6,0.0,0.0,219908.6,SI
1125,2,1545,19,02-DEUDAS FISCALES Y PREVISIONALES,02-DEUDAS FISCALES Y PREVISIONALES,PAGO PLAN V253113 C.7 VEP,35,2,2026-08-14,3009800.04,0.0,0.0,3009800.04,SI
1126,2,1284,,02-GASTOS DE ESTRUCUTURA,02-GASTOS DE ESTRUCUTURA,PAGO PLAN V253113 C.7 VEP,35,2,2026-08-14,242790.54,0.0,0.0,242790.54,SI
1127,2,1545,20,02-DEUDAS FISCALES Y PREVISIONALES,02-DEUDAS FISCALES Y PREVISIONALES,PAGO PLAN V341348 C.6 VEP,35,3,2026-08-14,2901745.44,0.0,0.0,2901745.44,SI
1128,2,1284,,02-GASTOS DE ESTRUCUTURA,02-GASTOS DE ESTRUCUTURA,PAGO PLAN V341348 C.6 VEP,35,3,2026-08-14,234074.13,0.0,0.0,234074.13,SI
1129,2,1545,21,02-DEUDAS FISCALES Y PREVISIONALES,02-DEUDAS FISCALES Y PREVISIONALES,PAGO PLAN V427157 C. 5 VEP,35,4,2026-08-14,3142567.24,0.0,0.0,3142567.24,SI
1130,2,1284,,02-GASTOS DE ESTRUCUTURA,02-GASTOS DE ESTRUCUTURA,PAGO PLAN V427157 C. 5 VEP,35,4,2026-08-14,253500.42,0.0,0.0,253500.42,SI
1131,2,1545,23,02-DEUDAS FISCALES Y PREVISIONALES,02-DEUDAS FISCALES Y PREVISIONALES,PAGO PLAN V 566122 C. 4 VEP,35,5,2026-08-14,3999789.04,0.0,0.0,3999789.04,SI
1132,2,1284,,02-GASTOS DE ESTRUCUTURA,02-GASTOS DE ESTRUCUTURA,PAGO PLAN V 566122 C. 4 VEP,35,5,2026-08-14,322649.65,0.0,0.0,322649.65,SI
1133,2,38,3136,01-CUENTAS POR PAGAR,01-CUENTAS POR PAGAR,O.P 23122,35,6,2026-08-14,77114.87,0.0,0.0,77114.87,SI
1134,2,60,,02-DEUDAS FISCALES Y PREVISIONALES,02-DEUDAS FISCALES Y PREVISIONALES,O.P 23122,35,6,2026-08-14,0.0,-1274.63,-1274.63,0.0,SI
1135,2,4,44,01-DISPONIBILIDADES,01-DISPONIBILIDADES,O.P 23122,35,6,2026-08-14,0.0,-75840.24,-75840.24,0.0,SI
1136,2,38,3136,01-CUENTAS POR PAGAR,01-CUENTAS POR PAGAR,O.P 23161xxxx23162xxxx23163,35,7,2026-08-14,27787.94,0.0,0.0,27787.94,SI
1137,2,60,,02-DEUDAS FISCALES Y PREVISIONALES,02-DEUDAS FISCALES Y PREVISIONALES,O.P 23161xxxx23162xxxx23163,35,7,2026-08-14,0.0,-406.33,-406.33,0.0,SI
1138,2,4,44,01-DISPONIBILIDADES,01-DISPONIBILIDADES,O.P 23161xxxx23162xxxx23163,35,7,2026-08-14,0.0,-500000.0,-500000.0,0.0,SI
1139,2,3906,44,01-CUENTAS POR PAGAR,01-CUENTAS POR PAGAR,O.P 23161xxxx23162xxxx23163,35,7,2026-08-14,0.0,-523670.36,-523670.36,0.0,SI
1140,2,149,469,04-OTROS CREDITOS,04-OTROS CREDITOS,UNIDAD SIONISTA A.W,36,1,2026-08-14,34000.0,0.0,0.0,34000.0,SI
1141,2,38,194,01-CUENTAS POR PAGAR,01-CUENTAS POR PAGAR,O.P 23214,36,2,2026-08-14,305000.0,0.0,0.0,305000.0,SI
1142,2,74,2093,04-OTROS CREDITOS,04-OTROS CREDITOS,ANTICIPO OBRERO,36,3,2026-08-14,25000.0,0.0,0.0,25000.0,SI
1143,2,1420,,01-RESULTADO ACTIVIDADES,01-RESULTADO ACTIVIDADES,SERENO FRANCIA,36,4,2026-08-14,278000.0,0.0,0.0,278000.0,SI
1144,2,38,2425,01-CUENTAS POR PAGAR,01-CUENTAS POR PAGAR,O.P 23209,36,5,2026-08-14,80000.0,0.0,0.0,80000.0,SI
1145,2,38,3181,01-CUENTAS POR PAGAR,01-CUENTAS POR PAGAR,O.P 23222,36,6,2026-08-14,3000000.0,0.0,0.0,3000000.0,SI
1146,2,38,2724,01-CUENTAS POR PAGAR,01-CUENTAS POR PAGAR,O.P 23206,36,7,2026-08-14,540500.0,0.0,0.0,540500.0,SI
1147,2,1256,,02-GASTOS DE ESTRUCUTURA,02-GASTOS DE ESTRUCUTURA,PAGO HONORARIOS JOSÉ (CITROMAX),36,8,2026-08-14,1260000.0,0.0,0.0,1260000.0,SI
1148,2,38,4273,01-CUENTAS POR PAGAR,01-CUENTAS POR PAGAR,SDO. O.P 22902 + A CTA. O.P 23207,36,9,2026-08-14,1600000.0,0.0,0.0,1600000.0,SI
1149,2,149,472,04-OTROS CREDITOS,04-OTROS CREDITOS,RETIRO E.L,36,10,2026-08-14,400000.0,0.0,0.0,400000.0,SI
1150,2,3883,58,04-OTROS CREDITOS,04-OTROS CREDITOS,U$2.200 A RENDIR MARCELO PxxxxT.C A.W,36,12,2026-08-14,3377000.0,0.0,0.0,3377000.0,SI
1151,2,2,,01-DISPONIBILIDADES,01-DISPONIBILIDADES,U$2.200 A RENDIR MARCELO PxxxxT.C A.W,36,12,2026-08-14,0.0,-3377000.0,-3377000.0,0.0,SI
1152,2,3883,470,04-OTROS CREDITOS,04-OTROS CREDITOS,U$50 A RENDIR G.C.I,36,14,2026-08-14,76750.0,0.0,0.0,76750.0,SI
1153,2,2,,01-DISPONIBILIDADES,01-DISPONIBILIDADES,U$50 A RENDIR G.C.I,36,14,2026-08-14,0.0,-76750.0,-76750.0,0.0,SI
1154,2,74,501224,04-OTROS CREDITOS,04-OTROS CREDITOS,Anticipo mejora Ocaranza Raul - Carrizo Alejandro (TSP),36,16,2026-08-14,50000.0,0.0,0.0,50000.0,SI
1155,2,74,501223,04-OTROS CREDITOS,04-OTROS CREDITOS,Anticipo mejora Ocaranza Raul - Carrizo Alejandro (TSP),36,16,2026-08-14,50000.0,0.0,0.0,50000.0,SI
1156,2,38,4195,01-CUENTAS POR PAGAR,01-CUENTAS POR PAGAR,OP 23173,36,17,2026-08-14,200000.0,0.0,0.0,200000.0,SI
1157,2,3,,01-DISPONIBILIDADES,01-DISPONIBILIDADES,A RENDIR SILVIA 14xxxx08xxxx2026,36,18,2026-08-14,15000.0,0.0,0.0,15000.0,SI
1158,2,1267,,02-GASTOS DE ESTRUCUTURA,02-GASTOS DE ESTRUCUTURA,FUMIGACION OFICINA 14xxxx08,36,19,2026-08-14,70000.0,0.0,0.0,70000.0,SI
1159,2,80,58,04-OTROS CREDITOS,04-OTROS CREDITOS,A RENDIR MARCELO 14xxxx08xxxx2026,36,20,2026-08-14,2820000.0,0.0,0.0,2820000.0,SI
1160,2,1264,,02-GASTOS DE ESTRUCUTURA,02-GASTOS DE ESTRUCUTURA,CD EMPLEADO - Rend. Marcelo 14xxxx08xxxx2026,42,2,2026-08-14,23900.0,0.0,0.0,23900.0,SI
1161,2,185,,01-RESULTADO ACTIVIDADES,01-RESULTADO ACTIVIDADES,Rend. Marcelo 14xxxx08xxxx2026,42,2,2026-08-14,95634.0,0.0,0.0,95634.0,SI
1162,2,3870,,01-DISPONIBILIDADES,01-DISPONIBILIDADES,Rend. Marcelo 14xxxx08xxxx2026,42,2,2026-08-14,0.0,-119534.0,-119534.0,0.0,SI
1163,2,149,469,04-OTROS CREDITOS,04-OTROS CREDITOS,TC Master Galicia A.W - Rend. Marcelo 14xxxx08xxxx2026,43,2,2026-08-14,390000.0,0.0,0.0,390000.0,SI
1164,2,3855,,02-GASTOS DE ESTRUCUTURA,02-GASTOS DE ESTRUCUTURA,Rend. Marcelo 14xxxx08xxxx2026,43,2,2026-08-14,0.0,-0.9,-0.9,0.0,SI
1165,2,149,470,04-OTROS CREDITOS,04-OTROS CREDITOS,PP IIBB CTA 2 GCI - Rend. Marcelo 14xxxx08xxxx2026,43,2,2026-08-14,239673.49,0.0,0.0,239673.49,SI
1166,2,38,3937,01-CUENTAS POR PAGAR,01-CUENTAS POR PAGAR,Rend. Marcelo 14xxxx08xxxx2026,43,2,2026-08-14,61681.0,0.0,0.0,61681.0,SI
1167,2,1252,,02-GASTOS DE ESTRUCUTURA,02-GASTOS DE ESTRUCUTURA,Rend. Marcelo 14xxxx08xxxx2026,43,2,2026-08-14,4900.0,0.0,0.0,4900.0,SI
1168,2,3600,,01-DISPONIBILIDADES,01-DISPONIBILIDADES,Rend. Marcelo 14xxxx08xxxx2026,43,2,2026-08-14,0.0,-1907085.66,-1907085.66,0.0,SI
1169,2,1266,,02-GASTOS DE ESTRUCUTURA,02-GASTOS DE ESTRUCUTURA,Rend. Silvia 0667xxxx3 desde 10xxxx08 hasta 14xxxx08xxxx2026,43,4,2026-08-14,3000.0,0.0,0.0,3000.0,SI
1170,2,1260,,02-GASTOS DE ESTRUCUTURA,02-GASTOS DE ESTRUCUTURA,Rend. Silvia 0667xxxx3 desde 10xxxx08 hasta 14xxxx08xxxx2026,43,4,2026-08-14,15000.0,0.0,0.0,15000.0,SI
1171,2,1252,,02-GASTOS DE ESTRUCUTURA,02-GASTOS DE ESTRUCUTURA,Rend. Silvia 0667xxxx3 desde 10xxxx08 hasta 14xxxx08xxxx2026,43,4,2026-08-14,7000.0,0.0,0.0,7000.0,SI
1172,2,1264,,02-GASTOS DE ESTRUCUTURA,02-GASTOS DE ESTRUCUTURA,Rend. Silvia 0667xxxx3 desde 10xxxx08 hasta 14xxxx08xxxx2026,43,4,2026-08-14,3000.0,0.0,0.0,3000.0,SI
1173,2,3,,01-DISPONIBILIDADES,01-DISPONIBILIDADES,Rend. Silvia 0667xxxx3 desde 10xxxx08 hasta 14xxxx08xxxx2026,43,4,2026-08-14,0.0,-170900.0,-170900.0,0.0,SI
1174,2,149,470,04-OTROS CREDITOS,04-OTROS CREDITOS,Reversa aj consumo celulares 08xxxx2026,41,1,2026-08-15,130337.43,0.0,0.0,130337.43,SI
1175,2,149,469,04-OTROS CREDITOS,04-OTROS CREDITOS,Reversa aj consumo celulares 08xxxx2026,41,1,2026-08-15,95760.13,0.0,0.0,95760.13,SI
1176,2,149,472,04-OTROS CREDITOS,04-OTROS CREDITOS,Reversa aj consumo celulares 08xxxx2026,41,1,2026-08-15,92624.75,0.0,0.0,92624.75,SI
1177,2,3884,198,02-GASTOS DE ESTRUCUTURA,02-GASTOS DE ESTRUCUTURA,EXCESO CONSUMO - Reversa aj consumo celulares 08xxxx2026,41,1,2026-08-15,7049.59,0.0,0.0,7049.59,SI
1178,2,1247,,02-GASTOS DE ESTRUCUTURA,02-GASTOS DE ESTRUCUTURA,Reversa aj consumo celulares 08xxxx2026,41,1,2026-08-15,0.0,-346315.69,-346315.69,0.0,SI
1179,2,141,3720,03-CREDITOS POR VENTAS,03-CREDITOS POR VENTAS,ALQ. LAP. 401 2D 08xxxx2026,25,1,2026-08-18,0.0,-103000.0,-103000.0,0.0,SI
1180,2,4,44,01-DISPONIBILIDADES,01-DISPONIBILIDADES,ALQ. LAP. 401 2D 08xxxx2026,25,1,2026-08-18,328650.0,0.0,0.0,328650.0,SI
1181,2,141,4289,03-CREDITOS POR VENTAS,03-CREDITOS POR VENTAS,ALQ. LAP. 401 5A 07xxxx2026 + A CTA. 08xxxx2026,25,2,2026-08-18,0.0,-93000.0,-93000.0,0.0,SI
1182,2,3883,58,04-OTROS CREDITOS,04-OTROS CREDITOS,U$ RINDE MARCELO ( T.C A.W),26,1,2026-08-18,0.0,-18180.0,-18180.0,0.0,SI
1183,2,2,,01-DISPONIBILIDADES,01-DISPONIBILIDADES,U$ RINDE MARCELO ( T.C A.W),26,1,2026-08-18,18180.0,0.0,0.0,18180.0,SI
1184,2,3883,470,04-OTROS CREDITOS,04-OTROS CREDITOS,U$2.500 RINDE G.C.I,26,2,2026-08-18,0.0,-3837500.0,-3837500.0,0.0,SI
1185,2,2,,01-DISPONIBILIDADES,01-DISPONIBILIDADES,U$2.500 RINDE G.C.I,26,2,2026-08-18,3837500.0,0.0,0.0,3837500.0,SI
1186,2,131,470,04-OTRAS DEUDAS,04-OTRAS DEUDAS,DEV. SUELDO G.C.I 07xxxx2026 U$3.975xxxx48 + U$73.72 RETIRO PERS. G.C.I,26,3,2026-08-18,0.0,-6306628.42,-6306628.42,0.0,SI
1187,2,149,470,04-OTROS CREDITOS,04-OTROS CREDITOS,DEV. SUELDO G.C.I 07xxxx2026 U$3.975xxxx48 + U$73.72 RETIRO PERS. G.C.I,26,3,2026-08-18,114819.12,0.0,0.0,114819.12,SI
1188,2,2285,,01-RESULTADO ACTIVIDADES,01-RESULTADO ACTIVIDADES,LAP. 401 2D GTOS BANC. TRANSF.,26,4,2026-08-18,0.0,-15650.0,-15650.0,0.0,SI
1189,2,2285,,01-RESULTADO ACTIVIDADES,01-RESULTADO ACTIVIDADES,LAP. 401 5A GTOS BANC. TRANSF. + INTERESES,26,5,2026-08-18,0.0,-107350.0,-107350.0,0.0,SI
1190,2,1977,41,02-INVERSIONES,02-INVERSIONES,SUSCRIPCIÓN DE F.C.I 14xxxx08xxxx2026,35,1,2026-08-18,6500000.0,0.0,0.0,6500000.0,SI
1191,2,38,3133,01-CUENTAS POR PAGAR,01-CUENTAS POR PAGAR,O.P 23219,35,2,2026-08-18,90000.0,0.0,0.0,90000.0,SI
1192,2,38,2654,01-CUENTAS POR PAGAR,01-CUENTAS POR PAGAR,O.P 23220,35,3,2026-08-18,1000000.0,0.0,0.0,1000000.0,SI
1193,2,52,,02-DEUDAS FISCALES Y PREVISIONALES,02-DEUDAS FISCALES Y PREVISIONALES,IERIC 07xxxx2026,35,5,2026-08-18,88402.43,0.0,0.0,88402.43,SI
1194,2,52,,02-DEUDAS FISCALES Y PREVISIONALES,02-DEUDAS FISCALES Y PREVISIONALES,IERIC 07xxxx2026,35,6,2026-08-18,88402.43,0.0,0.0,88402.43,SI
1195,2,1545,22,02-DEUDAS FISCALES Y PREVISIONALES,02-DEUDAS FISCALES Y PREVISIONALES,PAGO PLAN V513026 VEP,35,7,2026-08-18,858834.85,0.0,0.0,858834.85,SI
1196,2,1284,,02-GASTOS DE ESTRUCUTURA,02-GASTOS DE ESTRUCUTURA,PAGO PLAN V513026 VEP,35,7,2026-08-18,69279.34,0.0,0.0,69279.34,SI
1197,2,1545,24,02-DEUDAS FISCALES Y PREVISIONALES,02-DEUDAS FISCALES Y PREVISIONALES,PAGO PLAN V689158 C.3 VEP,35,8,2026-08-18,4376080.76,0.0,0.0,4376080.76,SI
1198,2,1284,,02-GASTOS DE ESTRUCUTURA,02-GASTOS DE ESTRUCUTURA,PAGO PLAN V689158 C.3 VEP,35,8,2026-08-18,353003.85,0.0,0.0,353003.85,SI
1199,2,1545,26,02-DEUDAS FISCALES Y PREVISIONALES,02-DEUDAS FISCALES Y PREVISIONALES,PAGO PLAN V944825 C.1 VEP,35,9,2026-08-18,3696351.8,0.0,0.0,3696351.8,SI
1200,2,1284,,02-GASTOS DE ESTRUCUTURA,02-GASTOS DE ESTRUCUTURA,PAGO PLAN V944825 C.1 VEP,35,9,2026-08-18,298172.38,0.0,0.0,298172.38,SI
1201,2,1804,,02-DEUDAS FISCALES Y PREVISIONALES,02-DEUDAS FISCALES Y PREVISIONALES,EMBARGO OBRERO LEZCANO JAVIER ROLANDO,35,10,2026-08-18,117724.17,0.0,0.0,117724.17,SI
1202,2,3856,469,04-OTROS CREDITOS,04-OTROS CREDITOS,TRANSF. Pxxxx A.W (REDES SOC.),35,11,2026-08-18,150000.0,0.0,0.0,150000.0,SI
1203,2,3883,58,04-OTROS CREDITOS,04-OTROS CREDITOS,T.C U$ A $1.515 A.W,36,1,2026-08-18,0.0,-3314820.0,-3314820.0,0.0,SI
1204,2,38,3010,01-CUENTAS POR PAGAR,01-CUENTAS POR PAGAR,A CTA. O.P 23230,36,2,2026-08-18,270000.0,0.0,0.0,270000.0,SI
1205,2,149,472,04-OTROS CREDITOS,04-OTROS CREDITOS,UNIDAD SIONISTA E.LxxxxTOMÁS,36,3,2026-08-18,68000.0,0.0,0.0,68000.0,SI
1206,2,38,4255,01-CUENTAS POR PAGAR,01-CUENTAS POR PAGAR,LIQ. 1 ZONA E.C.I PRADOS DEL LIB. A CTA. O.P 23231,36,5,2026-08-18,1600000.0,0.0,0.0,1600000.0,SI
1207,2,56,,01-APORT Y RET DE LOS PROPIETARIOS,01-APORT Y RET DE LOS PROPIETARIOS,INFORME INMOB.FID. S.P.E,36,7,2026-08-18,8000.0,0.0,0.0,8000.0,SI
1208,2,149,469,04-OTROS CREDITOS,04-OTROS CREDITOS,RETIRO A.W,36,11,2026-08-18,100000.0,0.0,0.0,100000.0,SI
1209,2,149,472,04-OTROS CREDITOS,04-OTROS CREDITOS,RETIRO E.L (CPRA. CACHORRO),36,13,2026-08-18,300000.0,0.0,0.0,300000.0,SI
1210,2,3883,469,04-OTROS CREDITOS,04-OTROS CREDITOS,U$10.400 A RENDIR A.W,36,14,2026-08-18,15912000.0,0.0,0.0,15912000.0,SI
1211,2,80,58,04-OTROS CREDITOS,04-OTROS CREDITOS,A RENDIR MARCELO 18xxxx08xxxx2026,36,15,2026-08-18,150000.0,0.0,0.0,150000.0,SI
1212,2,38,2654,01-CUENTAS POR PAGAR,01-CUENTAS POR PAGAR,RETIRO A.W (TRANSF.VIRGINIA O.P 23220),41,1,2026-08-18,0.0,-1000000.0,-1000000.0,0.0,SI
1213,2,3883,470,04-OTROS CREDITOS,04-OTROS CREDITOS,U$50 RETIRO G.C.I,41,2,2026-08-18,0.0,-76750.0,-76750.0,0.0,SI
1214,2,149,470,04-OTROS CREDITOS,04-OTROS CREDITOS,U$50 RETIRO G.C.I,41,2,2026-08-18,76750.0,0.0,0.0,76750.0,SI
1215,2,141,4516,03-CREDITOS POR VENTAS,03-CREDITOS POR VENTAS,Aplico cuenta 141,41,3,2026-08-18,400000.0,0.0,0.0,400000.0,SI
1216,2,3600,,01-DISPONIBILIDADES,01-DISPONIBILIDADES,REVERSA TRANSF. A.W (REDES SOC),41,4,2026-08-18,150000.0,0.0,0.0,150000.0,SI
1217,2,3856,469,04-OTROS CREDITOS,04-OTROS CREDITOS,REVERSA TRANSF. A.W (REDES SOC),41,4,2026-08-18,0.0,-150000.0,-150000.0,0.0,SI
1218,2,1235,,02-GASTOS DE ESTRUCUTURA,02-GASTOS DE ESTRUCUTURA,REDES SOC. APLIC.. (Cxxxx$ CUENTA DE A.W),41,5,2026-08-18,150000.0,0.0,0.0,150000.0,SI
1219,2,3600,,01-DISPONIBILIDADES,01-DISPONIBILIDADES,REDES SOC. APLIC.. (Cxxxx$ CUENTA DE A.W),41,5,2026-08-18,0.0,-150000.0,-150000.0,0.0,SI
1220,2,80,469,04-OTROS CREDITOS,04-OTROS CREDITOS,ANT 1BS PS + PP CTA 1 GCIAS - Rend. Marcelo 18xxxx08xxxx2026,43,1,2026-08-18,2765000.0,0.0,0.0,2765000.0,SI
1221,2,80,470,04-OTROS CREDITOS,04-OTROS CREDITOS,ANT 1BS PS + PP CTA 1 GCIAS - Rend. Marcelo 18xxxx08xxxx2026,43,1,2026-08-18,1665000.0,0.0,0.0,1665000.0,SI
1222,2,1905,,02-INVERSIONES,02-INVERSIONES,IIBB ELEONORA - Rend. Marcelo 18xxxx08xxxx2026,43,2,2026-08-18,11180.0,0.0,0.0,11180.0,SI
1223,2,56,,01-APORT Y RET DE LOS PROPIETARIOS,01-APORT Y RET DE LOS PROPIETARIOS,50% Inmob + comunas rurales 09xxxx26 Priscila P633679 - Rend. Marcelo 18xxxx08xxxx2026,43,2,2026-08-18,38948.95,0.0,0.0,38948.95,SI
1224,2,78,1594,04-OTROS CREDITOS,04-OTROS CREDITOS,50% Inmob + comunas rurales 09xxxx26 Priscila P633679 - Rend. Marcelo 18xxxx08xxxx2026,43,2,2026-08-18,38948.96,0.0,0.0,38948.96,SI
1225,2,149,472,04-OTROS CREDITOS,04-OTROS CREDITOS,Compra cachorro - Rend. Marcelo 18xxxx08xxxx2026,43,2,2026-08-18,920000.0,0.0,0.0,920000.0,SI
1226,2,1977,41,02-INVERSIONES,02-INVERSIONES,RESCATE DE F.C.I,25,2,2026-08-19,0.0,-1700000.0,-1700000.0,0.0,SI
1227,2,80,469,04-OTROS CREDITOS,04-OTROS CREDITOS,RINDE A.W,26,2,2026-08-19,0.0,-32000000.0,-32000000.0,0.0,SI
1228,2,38,2987,01-CUENTAS POR PAGAR,01-CUENTAS POR PAGAR,O.P 23211,35,1,2026-08-19,1077081.0,0.0,0.0,1077081.0,SI
1229,2,3856,472,04-OTROS CREDITOS,04-OTROS CREDITOS,OSDE E.L,35,4,2026-08-19,442188.0,0.0,0.0,442188.0,SI
1230,2,3856,469,04-OTROS CREDITOS,04-OTROS CREDITOS,OSDE A.W,35,5,2026-08-19,893198.9,0.0,0.0,893198.9,SI
1231,2,46,,02-DEUDAS FISCALES Y PREVISIONALES,02-DEUDAS FISCALES Y PREVISIONALES,FONDO DE DESEMPLEO 07xxxx2026,35,6,2026-08-19,8751653.59,0.0,0.0,8751653.59,SI
1232,2,43,,02-DEUDAS FISCALES Y PREVISIONALES,02-DEUDAS FISCALES Y PREVISIONALES,LIQ. 1Q. 08xxxx2026 (M) TORRES S.P,36,4,2026-08-19,12212600.0,0.0,0.0,12212600.0,SI
1233,2,43,,02-DEUDAS FISCALES Y PREVISIONALES,02-DEUDAS FISCALES Y PREVISIONALES,LIQ. 1Q. 08xxxx2026 (M) CORR. Y CAT.,36,5,2026-08-19,7483300.0,0.0,0.0,7483300.0,SI
1234,2,3883,469,04-OTROS CREDITOS,04-OTROS CREDITOS,U$16.000 A RENDIR A.W,36,7,2026-08-19,24640000.0,0.0,0.0,24640000.0,SI
1235,2,2,,01-DISPONIBILIDADES,01-DISPONIBILIDADES,U$16.000 A RENDIR A.W,36,7,2026-08-19,0.0,-24640000.0,-24640000.0,0.0,SI
1236,2,149,469,04-OTROS CREDITOS,04-OTROS CREDITOS,RETIRO A.W,36,8,2026-08-19,1000000.0,0.0,0.0,1000000.0,SI
1237,2,149,470,04-OTROS CREDITOS,04-OTROS CREDITOS,RETIRO G.C.I,36,9,2026-08-19,300000.0,0.0,0.0,300000.0,SI
1238,2,3856,472,04-OTROS CREDITOS,04-OTROS CREDITOS,REVERSA OSDE E.L X BCO,41,1,2026-08-19,0.0,-442188.0,-442188.0,0.0,SI
1239,2,149,472,04-OTROS CREDITOS,04-OTROS CREDITOS,OSDE E.L 07xxxx2026 (PAG. X BCO),41,2,2026-08-19,442188.0,0.0,0.0,442188.0,SI
1240,2,3600,,01-DISPONIBILIDADES,01-DISPONIBILIDADES,REVERSA OSDE A.W (PAG. X BCO),41,3,2026-08-19,893198.9,0.0,0.0,893198.9,SI
1241,2,3856,469,04-OTROS CREDITOS,04-OTROS CREDITOS,REVERSA OSDE A.W (PAG. X BCO),41,3,2026-08-19,0.0,-893198.9,-893198.9,0.0,SI
1242,2,149,469,04-OTROS CREDITOS,04-OTROS CREDITOS,OSDE A.W 07xxxx2026 (PAG. X BCO.),41,4,2026-08-19,893198.9,0.0,0.0,893198.9,SI
1243,2,1905,,02-INVERSIONES,02-INVERSIONES,IIBB Macarena - Rend. Marcelo 19xxxx08xxxx2026,43,1,2026-08-19,10080.0,0.0,0.0,10080.0,SI
1244,2,1346,,02-GASTOS DE ESTRUCUTURA,02-GASTOS DE ESTRUCUTURA,Toner oficina - Rend. Marcelo 19xxxx08xxxx2026,43,1,2026-08-19,157905.0,0.0,0.0,157905.0,SI
1245,2,141,4363,03-CREDITOS POR VENTAS,03-CREDITOS POR VENTAS,ALQ LAP. 401 2-5 08xxxx2026,25,1,2026-08-20,0.0,-124000.0,-124000.0,0.0,SI
1246,2,55,4282,01-CUENTAS POR PAGAR,01-CUENTAS POR PAGAR,ANTICIPO CERT. 08xxxx2026 (M),26,5,2026-08-20,0.0,-40170000.0,-40170000.0,0.0,SI
1247,2,2285,,01-RESULTADO ACTIVIDADES,01-RESULTADO ACTIVIDADES,LAP. 401 2-5 INT. 08xxxx2026,26,6,2026-08-20,0.0,-13000.0,-13000.0,0.0,SI
1248,2,1,,01-DISPONIBILIDADES,01-DISPONIBILIDADES,LAP. 401 2-5 INT. 08xxxx2026,26,6,2026-08-20,13000.0,0.0,0.0,13000.0,SI
1249,2,80,2084,04-OTROS CREDITOS,04-OTROS CREDITOS,A RENDIR FEDERICO,36,7,2026-08-20,28500000.0,0.0,0.0,28500000.0,SI
1250,2,43,,02-DEUDAS FISCALES Y PREVISIONALES,02-DEUDAS FISCALES Y PREVISIONALES,LIQ. 1Q. 08xxxx2026 (M) FRANCIA,36,10,2026-08-20,2669600.0,0.0,0.0,2669600.0,SI
1251,2,43,,02-DEUDAS FISCALES Y PREVISIONALES,02-DEUDAS FISCALES Y PREVISIONALES,LIQ. 1Q. 08xxxx2026 (M) RIOJA 474,36,13,2026-08-20,6471000.0,0.0,0.0,6471000.0,SI
1252,2,80,58,04-OTROS CREDITOS,04-OTROS CREDITOS,A RENDIR MARCELO 20xxxx08xxxx2026,36,14,2026-08-20,3920000.0,0.0,0.0,3920000.0,SI
1253,2,185,,01-RESULTADO ACTIVIDADES,01-RESULTADO ACTIVIDADES,Rend. Marcelo 20xxxx08xxxx2026,42,3,2026-08-20,11247.0,0.0,0.0,11247.0,SI
1254,2,3870,,01-DISPONIBILIDADES,01-DISPONIBILIDADES,Rend. Marcelo 20xxxx08xxxx2026,42,3,2026-08-20,0.0,-11247.0,-11247.0,0.0,SI
1255,2,78,1733,04-OTROS CREDITOS,04-OTROS CREDITOS,IIBB Fideic. camino del peru - Rend. Marcelo 20xxxx08xxxx2026,43,1,2026-08-20,11180.0,0.0,0.0,11180.0,SI
1256,2,1977,41,02-INVERSIONES,02-INVERSIONES,RESCATE DE F.C.I,25,3,2026-08-21,0.0,-1000000.0,-1000000.0,0.0,SI
1257,2,80,2084,04-OTROS CREDITOS,04-OTROS CREDITOS,FEDERICO RINDE,26,3,2026-08-21,0.0,-28500000.0,-28500000.0,0.0,SI
1258,2,3883,469,04-OTROS CREDITOS,04-OTROS CREDITOS,A.W RINDE,26,4,2026-08-21,0.0,-15912000.0,-15912000.0,0.0,SI
1259,2,4,44,01-DISPONIBILIDADES,01-DISPONIBILIDADES,TRANSF. DE BCO. BBVA A BNA NORF.,35,2,2026-08-21,400000.0,0.0,0.0,400000.0,SI
1260,2,80,58,04-OTROS CREDITOS,04-OTROS CREDITOS,A RENDIR MARCELO DEL 19xxxx08xxxx2026,36,3,2026-08-21,149.27,0.0,0.0,149.27,SI
1261,2,38,3181,01-CUENTAS POR PAGAR,01-CUENTAS POR PAGAR,O.P 23242,36,4,2026-08-21,6222286.49,0.0,0.0,6222286.49,SI
1262,2,15,110,03-CREDITOS POR VENTAS,03-CREDITOS POR VENTAS,O.P 23242,36,4,2026-08-21,0.0,-653434.0,-653434.0,0.0,SI
1263,2,3855,,02-GASTOS DE ESTRUCUTURA,02-GASTOS DE ESTRUCUTURA,O.P 23242,36,4,2026-08-21,0.0,-59.88,-59.88,0.0,SI
1264,2,38,2538,01-CUENTAS POR PAGAR,01-CUENTAS POR PAGAR,O.P 23243,36,5,2026-08-21,2567268.6,0.0,0.0,2567268.6,SI
1265,2,3855,,02-GASTOS DE ESTRUCUTURA,02-GASTOS DE ESTRUCUTURA,O.P 23243,36,5,2026-08-21,0.0,-68.6,-68.6,0.0,SI
1266,2,43,,02-DEUDAS FISCALES Y PREVISIONALES,02-DEUDAS FISCALES Y PREVISIONALES,LIQ. 1Q. 08xxxx2026 (M) PALAVECINO FRANCO A.,36,6,2026-08-21,305800.0,0.0,0.0,305800.0,SI
1267,2,38,2637,01-CUENTAS POR PAGAR,01-CUENTAS POR PAGAR,O.P 23217,36,9,2026-08-21,4387383.0,0.0,0.0,4387383.0,SI
1268,2,80,500968,04-OTROS CREDITOS,04-OTROS CREDITOS,A RENDIR MAXIMILIANO  VELIZ,36,11,2026-08-21,43044.0,0.0,0.0,43044.0,SI
1269,2,3855,,02-GASTOS DE ESTRUCUTURA,02-GASTOS DE ESTRUCUTURA,A RENDIR MAXIMILIANO  VELIZ,36,11,2026-08-21,0.0,-44.0,-44.0,0.0,SI
1270,2,1386,,01-RESULTADO ACTIVIDADES,01-RESULTADO ACTIVIDADES,SEMANAL ROQUE DEL 10xxxx08 AL 15xxxx08-17xxxx08 AL 22xxxx08,36,12,2026-08-21,117700.0,0.0,0.0,117700.0,SI
1271,2,3,,01-DISPONIBILIDADES,01-DISPONIBILIDADES,A RENDIR SILVIA 21xxxx08xxxx2026,36,13,2026-08-21,15000.0,0.0,0.0,15000.0,SI
1272,2,149,472,04-OTROS CREDITOS,04-OTROS CREDITOS,RETIRO E.L,36,16,2026-08-21,200000.0,0.0,0.0,200000.0,SI
1273,2,149,469,04-OTROS CREDITOS,04-OTROS CREDITOS,RETIRO A.W,36,17,2026-08-21,300000.0,0.0,0.0,300000.0,SI
1274,2,1349,,02-GASTOS DE ESTRUCUTURA,02-GASTOS DE ESTRUCUTURA,COCH. A.WxxxxEMP.,36,18,2026-08-21,62500.0,0.0,0.0,62500.0,SI
1275,2,2124,,01-DISPONIBILIDADES,01-DISPONIBILIDADES,U$26.400 A.W LLEVA A C.S NORF.,36,19,2026-08-21,40552000.0,0.0,0.0,40552000.0,SI
1276,2,2,,01-DISPONIBILIDADES,01-DISPONIBILIDADES,U$26.400 A.W LLEVA A C.S NORF.,36,19,2026-08-21,0.0,-40552000.0,-40552000.0,0.0,SI
1277,2,1264,,02-GASTOS DE ESTRUCUTURA,02-GASTOS DE ESTRUCUTURA,CD a 2 empleados - Rend. Marcelo 21xxxx08xxxx2026,42,3,2026-08-21,48000.0,0.0,0.0,48000.0,SI
1278,2,38,3108,01-CUENTAS POR PAGAR,01-CUENTAS POR PAGAR,O.P 23186,35,1,2026-08-24,70000.0,0.0,0.0,70000.0,SI
1279,2,43,,02-DEUDAS FISCALES Y PREVISIONALES,02-DEUDAS FISCALES Y PREVISIONALES,LIQ. 1Q. 08xxxx2026,35,2,2026-08-24,28352915.0,0.0,0.0,28352915.0,SI
1280,2,43,,02-DEUDAS FISCALES Y PREVISIONALES,02-DEUDAS FISCALES Y PREVISIONALES,LIQ. 1Q. 08xxxx2026,35,3,2026-08-24,1101863.0,0.0,0.0,1101863.0,SI
1281,2,4,18,01-DISPONIBILIDADES,01-DISPONIBILIDADES,TRANSF. DE BCO. BBVA A SANTANDER NORF.,35,4,2026-08-24,1105000.0,0.0,0.0,1105000.0,SI
1282,2,1240,,02-GASTOS DE ESTRUCUTURA,02-GASTOS DE ESTRUCUTURA,Reversa Aut. Nro. 23314 - Mat electricos vs,41,1,2026-08-24,0.0,-14896.74,-14896.74,0.0,SI
1283,2,1264,,02-GASTOS DE ESTRUCUTURA,02-GASTOS DE ESTRUCUTURA,Formularios CD - Rend. Marcelo 24xxxx08xxxx2026,43,1,2026-08-24,200.0,0.0,0.0,200.0,SI
1284,2,1608,4282,03-CREDITOS POR VENTAS,03-CREDITOS POR VENTAS,COBRO A CTA. FAC. 2-355,25,3,2026-08-25,0.0,-60000000.0,-60000000.0,0.0,SI
1285,2,1608,4485,03-CREDITOS POR VENTAS,03-CREDITOS POR VENTAS,COBRO M.O 08xxxx2026 FC. 2-356,25,4,2026-08-25,0.0,-2500000.0,-2500000.0,0.0,SI
1286,2,4,41,01-DISPONIBILIDADES,01-DISPONIBILIDADES,COBRO M.O 08xxxx2026 FC. 2-356,25,4,2026-08-25,2500000.0,0.0,0.0,2500000.0,SI
1287,2,3856,469,04-OTROS CREDITOS,04-OTROS CREDITOS,TRANSF. A.W (APLIC. REDES SOC.),35,2,2026-08-25,150000.0,0.0,0.0,150000.0,SI
1288,2,1608,4282,03-CREDITOS POR VENTAS,03-CREDITOS POR VENTAS,COBRO SDO. FAC. 2-355 CERT. 25 EST. Y 10 ALB. M.O 08xxxx2026,25,4,2026-08-26,0.0,-50510948.65,-50510948.65,0.0,SI
1289,2,20,,04-OTROS CREDITOS,04-OTROS CREDITOS,COBRO SDO. FAC. 2-355 CERT. 25 EST. Y 10 ALB. M.O 08xxxx2026,25,4,2026-08-26,1998854.77,0.0,0.0,1998854.77,SI
1290,2,37,,04-OTROS CREDITOS,04-OTROS CREDITOS,COBRO SDO. FAC. 2-355 CERT. 25 EST. Y 10 ALB. M.O 08xxxx2026,25,4,2026-08-26,2500247.7,0.0,0.0,2500247.7,SI
1291,2,1545,33,02-DEUDAS FISCALES Y PREVISIONALES,02-DEUDAS FISCALES Y PREVISIONALES,PAGO REF. PLAN V806880 VEP,35,1,2026-08-26,1536606.08,0.0,0.0,1536606.08,SI
1292,2,43,,02-DEUDAS FISCALES Y PREVISIONALES,02-DEUDAS FISCALES Y PREVISIONALES,LIQ. VAC. OBRA 2025,35,4,2026-08-26,6391291.0,0.0,0.0,6391291.0,SI
1293,2,60,,02-DEUDAS FISCALES Y PREVISIONALES,02-DEUDAS FISCALES Y PREVISIONALES,ANTICIPO SICORE 08xxxx2026,35,5,2026-08-26,1680.96,0.0,0.0,1680.96,SI
1294,2,38,2547,01-CUENTAS POR PAGAR,01-CUENTAS POR PAGAR,O.P 23239,35,9,2026-08-26,184777.44,0.0,0.0,184777.44,SI
1295,2,60,,02-DEUDAS FISCALES Y PREVISIONALES,02-DEUDAS FISCALES Y PREVISIONALES,O.P 23239,35,9,2026-08-26,0.0,-403.77,-403.77,0.0,SI
1296,2,3906,44,01-CUENTAS POR PAGAR,01-CUENTAS POR PAGAR,O.P 23239,35,9,2026-08-26,0.0,-184373.67,-184373.67,0.0,SI
1297,2,38,66,01-CUENTAS POR PAGAR,01-CUENTAS POR PAGAR,O.P 23247,35,10,2026-08-26,242000.0,0.0,0.0,242000.0,SI
1298,2,3906,44,01-CUENTAS POR PAGAR,01-CUENTAS POR PAGAR,O.P 23247,35,10,2026-08-26,0.0,-238394.4,-238394.4,0.0,SI
1299,2,120,,02-DEUDAS FISCALES Y PREVISIONALES,02-DEUDAS FISCALES Y PREVISIONALES,O.P 23247,35,10,2026-08-26,0.0,-3605.6,-3605.6,0.0,SI
1300,2,124,18,03-DEUDAS BANCARIAS,03-DEUDAS BANCARIAS,PAGO PREST. SANTANDER NORF. C. 44,35,11,2026-08-26,511885.82,0.0,0.0,511885.82,SI
1301,2,1279,,02-GASTOS DE ESTRUCUTURA,02-GASTOS DE ESTRUCUTURA,PAGO PREST. SANTANDER NORF. C. 44,35,11,2026-08-26,101122.54,0.0,0.0,101122.54,SI
1302,2,25,,04-OTROS CREDITOS,04-OTROS CREDITOS,PAGO PREST. SANTANDER NORF. C. 44,35,11,2026-08-26,10617.87,0.0,0.0,10617.87,SI
1303,2,23,,04-OTROS CREDITOS,04-OTROS CREDITOS,PAGO PREST. SANTANDER NORF. C. 44,35,11,2026-08-26,1516.84,0.0,0.0,1516.84,SI
1304,2,2764,,03-CREDITOS POR VENTAS,03-CREDITOS POR VENTAS,PAGO PREST. SANTANDER NORF. C. 44,35,11,2026-08-26,0.0,-101122.54,-101122.54,0.0,SI
1305,2,4,18,01-DISPONIBILIDADES,01-DISPONIBILIDADES,PAGO PREST. SANTANDER NORF. C. 44,35,11,2026-08-26,0.0,-524020.53,-524020.53,0.0,SI
1306,2,1977,41,02-INVERSIONES,02-INVERSIONES,SUSCRIPCIÓN DE F.C.I,35,12,2026-08-26,2400000.0,0.0,0.0,2400000.0,SI
1307,2,149,472,04-OTROS CREDITOS,04-OTROS CREDITOS,U$400 A $1.545  RETIRO E.L,36,2,2026-08-26,618000.0,0.0,0.0,618000.0,SI
1308,2,1977,41,02-INVERSIONES,02-INVERSIONES,RESCATE DE F.C.I,25,4,2026-08-27,0.0,-5000000.0,-5000000.0,0.0,SI
1309,2,996,614,04-OTROS CREDITOS,04-OTROS CREDITOS,U$200 PERLA,26,5,2026-08-27,0.0,-308000.0,-308000.0,0.0,SI
1310,2,2,,01-DISPONIBILIDADES,01-DISPONIBILIDADES,U$200 PERLA,26,5,2026-08-27,308000.0,0.0,0.0,308000.0,SI
1311,2,3905,4193,01-CUENTAS POR PAGAR,01-CUENTAS POR PAGAR,O.P 23265,36,1,2026-08-27,1232000.0,0.0,0.0,1232000.0,SI
1312,2,2,,01-DISPONIBILIDADES,01-DISPONIBILIDADES,O.P 23265,36,1,2026-08-27,0.0,-1232000.0,-1232000.0,0.0,SI
1313,2,38,4069,01-CUENTAS POR PAGAR,01-CUENTAS POR PAGAR,A CTA. O.P 23264,36,2,2026-08-27,6700000.0,0.0,0.0,6700000.0,SI
1314,2,149,472,04-OTROS CREDITOS,04-OTROS CREDITOS,RETIRO E.L,36,5,2026-08-27,500000.0,0.0,0.0,500000.0,SI
1315,2,141,1358,03-CREDITOS POR VENTAS,03-CREDITOS POR VENTAS,ALQ. MAIPU 605 9D 09xxxx2026,25,4,2026-08-28,0.0,-358000.0,-358000.0,0.0,SI
1316,2,55,4282,01-CUENTAS POR PAGAR,01-CUENTAS POR PAGAR,COBRO CERT. 25 EST. + 10 ALB. (M) M.O 08xxxx2026,26,4,2026-08-28,40170000.0,0.0,0.0,40170000.0,SI
1317,2,80,58,04-OTROS CREDITOS,04-OTROS CREDITOS,MARCELO RINDE DEL 26xxxx08 Y 27xxxx08,26,8,2026-08-28,0.0,-235100.56,-235100.56,0.0,SI
1318,2,1,,01-DISPONIBILIDADES,01-DISPONIBILIDADES,MARCELO RINDE DEL 26xxxx08 Y 27xxxx08,26,8,2026-08-28,283700.0,0.0,0.0,283700.0,SI
1319,2,3855,,02-GASTOS DE ESTRUCUTURA,02-GASTOS DE ESTRUCUTURA,MARCELO RINDE DEL 26xxxx08 Y 27xxxx08,26,8,2026-08-28,6.56,0.0,0.0,6.56,SI
1320,2,4,18,01-DISPONIBILIDADES,01-DISPONIBILIDADES,TRANSF. DE BCO. BBVA A SANTANDER NORF.,35,2,2026-08-28,60000.0,0.0,0.0,60000.0,SI
1321,2,38,2724,01-CUENTAS POR PAGAR,01-CUENTAS POR PAGAR,O.P 23251,36,2,2026-08-28,174500.0,0.0,0.0,174500.0,SI
1322,2,38,4124,01-CUENTAS POR PAGAR,01-CUENTAS POR PAGAR,O.P 23260,36,3,2026-08-28,4500000.0,0.0,0.0,4500000.0,SI
1323,2,38,2952,01-CUENTAS POR PAGAR,01-CUENTAS POR PAGAR,O.P 23262,36,6,2026-08-28,350000.0,0.0,0.0,350000.0,SI
1324,2,38,3181,01-CUENTAS POR PAGAR,01-CUENTAS POR PAGAR,O.P 23254,36,10,2026-08-28,3000000.0,0.0,0.0,3000000.0,SI
1325,2,80,58,04-OTROS CREDITOS,04-OTROS CREDITOS,A RENDIR MARCELO 28xxxx08xxxx2026,36,11,2026-08-28,370000.0,0.0,0.0,370000.0,SI
1326,2,1349,,02-GASTOS DE ESTRUCUTURA,02-GASTOS DE ESTRUCUTURA,COCHERA A.WxxxxEMP.,36,14,2026-08-28,65000.0,0.0,0.0,65000.0,SI
1327,2,149,469,04-OTROS CREDITOS,04-OTROS CREDITOS,EL ARENAL M.W (A.W),36,15,2026-08-28,240000.0,0.0,0.0,240000.0,SI
1328,2,149,469,04-OTROS CREDITOS,04-OTROS CREDITOS,RETIRO A.W,36,16,2026-08-28,500000.0,0.0,0.0,500000.0,SI
1329,2,80,470,04-OTROS CREDITOS,04-OTROS CREDITOS,A RENDIR G.C.I,36,17,2026-08-28,4500000.0,0.0,0.0,4500000.0,SI
1330,2,3801,,01-RESULTADO ACTIVIDADES,01-RESULTADO ACTIVIDADES,Reversa Aut. Nro. 23331 - Honorarios diseño de interiores,41,1,2026-08-28,0.0,-1000000.0,-1000000.0,0.0,SI
1331,2,1266,,02-GASTOS DE ESTRUCUTURA,02-GASTOS DE ESTRUCUTURA,Rend. Silvia 0669xxxx3 desde 24xxxx08 al 28xxxx08xxxx2026,43,2,2026-08-28,3200.0,0.0,0.0,3200.0,SI
1332,2,1260,,02-GASTOS DE ESTRUCUTURA,02-GASTOS DE ESTRUCUTURA,Rend. Silvia 0669xxxx3 desde 24xxxx08 al 28xxxx08xxxx2026,43,2,2026-08-28,15000.0,0.0,0.0,15000.0,SI
1333,2,1264,,02-GASTOS DE ESTRUCUTURA,02-GASTOS DE ESTRUCUTURA,Rend. Silvia 0669xxxx3 desde 24xxxx08 al 28xxxx08xxxx2026,43,2,2026-08-28,3000.0,0.0,0.0,3000.0,SI
1334,2,3,,01-DISPONIBILIDADES,01-DISPONIBILIDADES,Rend. Silvia 0669xxxx3 desde 24xxxx08 al 28xxxx08xxxx2026,43,2,2026-08-28,0.0,-261100.0,-261100.0,0.0,SI
1335,2,80,470,04-OTROS CREDITOS,04-OTROS CREDITOS,RINDE G.C.I,26,2,2026-08-31,0.0,-4500000.0,-4500000.0,0.0,SI
1336,2,80,58,04-OTROS CREDITOS,04-OTROS CREDITOS,Traspaso de fondos a Batia pxxxxinmob 08xxxx2026,28,2,2026-08-31,0.0,-487056.9,-487056.9,0.0,SI
1337,2,3600,,01-DISPONIBILIDADES,01-DISPONIBILIDADES,Traspaso de fondos a Batia pxxxxinmob 08xxxx2026,28,2,2026-08-31,487056.9,0.0,0.0,487056.9,SI
1338,2,43,,02-DEUDAS FISCALES Y PREVISIONALES,02-DEUDAS FISCALES Y PREVISIONALES,LIQ. FINAL VARELA WILLIAMS,35,1,2026-08-31,350480.0,0.0,0.0,350480.0,SI
1339,2,38,3891,01-CUENTAS POR PAGAR,01-CUENTAS POR PAGAR,O.P 23252,36,2,2026-08-31,151277.82,0.0,0.0,151277.82,SI
1340,2,3855,,02-GASTOS DE ESTRUCUTURA,02-GASTOS DE ESTRUCUTURA,O.P 23252,36,2,2026-08-31,0.0,-77.82,-77.82,0.0,SI
1341,2,33,,04-OTROS CREDITOS,04-OTROS CREDITOS,Gtos Bcrios Norfork Santander 08xxxx2026,39,3,2026-08-31,26923.38,0.0,0.0,26923.38,SI
1342,2,1280,,02-GASTOS DE ESTRUCUTURA,02-GASTOS DE ESTRUCUTURA,Gtos Bcrios Norfork Santander 08xxxx2026,39,3,2026-08-31,69000.0,0.0,0.0,69000.0,SI
1343,2,1275,,02-GASTOS DE ESTRUCUTURA,02-GASTOS DE ESTRUCUTURA,Gtos Bcrios Norfork Santander 08xxxx2026,39,3,2026-08-31,10.16,0.0,0.0,10.16,SI
1344,2,23,,04-OTROS CREDITOS,04-OTROS CREDITOS,Gtos Bcrios Norfork Santander 08xxxx2026,39,3,2026-08-31,2070.0,0.0,0.0,2070.0,SI
1345,2,24,,04-OTROS CREDITOS,04-OTROS CREDITOS,Gtos Bcrios Norfork Santander 08xxxx2026,39,3,2026-08-31,14490.0,0.0,0.0,14490.0,SI
1346,2,25,,04-OTROS CREDITOS,04-OTROS CREDITOS,Gtos Bcrios Norfork Santander 08xxxx2026,39,3,2026-08-31,26.04,0.0,0.0,26.04,SI
1347,2,4,18,01-DISPONIBILIDADES,01-DISPONIBILIDADES,Gtos Bcrios Norfork Santander 08xxxx2026,39,3,2026-08-31,0.0,-112767.63,-112767.63,0.0,SI
1348,2,33,,04-OTROS CREDITOS,04-OTROS CREDITOS,Gtos. Bcrios. Norfork Frances 08xxxx2026,39,7,2026-08-31,1564840.32,0.0,0.0,1564840.32,SI
1349,2,1280,,02-GASTOS DE ESTRUCUTURA,02-GASTOS DE ESTRUCUTURA,Gtos. Bcrios. Norfork Frances 08xxxx2026,39,7,2026-08-31,190836.64,0.0,0.0,190836.64,SI
1350,2,1275,,02-GASTOS DE ESTRUCUTURA,02-GASTOS DE ESTRUCUTURA,Gtos. Bcrios. Norfork Frances 08xxxx2026,39,7,2026-08-31,2707.56,0.0,0.0,2707.56,SI
1351,2,29,,04-OTROS CREDITOS,04-OTROS CREDITOS,Gtos. Bcrios. Norfork Frances 08xxxx2026,39,7,2026-08-31,10905.0,0.0,0.0,10905.0,SI
1352,2,24,,04-OTROS CREDITOS,04-OTROS CREDITOS,Gtos. Bcrios. Norfork Frances 08xxxx2026,39,7,2026-08-31,40075.68,0.0,0.0,40075.68,SI
1353,2,25,,04-OTROS CREDITOS,04-OTROS CREDITOS,Gtos. Bcrios. Norfork Frances 08xxxx2026,39,7,2026-08-31,2966.6,0.0,0.0,2966.6,SI
1354,2,23,,04-OTROS CREDITOS,04-OTROS CREDITOS,Gtos. Bcrios. Norfork Frances 08xxxx2026,39,7,2026-08-31,5951.3,0.0,0.0,5951.3,SI
1355,2,4,41,01-DISPONIBILIDADES,01-DISPONIBILIDADES,Gtos. Bcrios. Norfork Frances 08xxxx2026,39,7,2026-08-31,0.0,-3896347.12,-3896347.12,0.0,SI
1356,2,33,,04-OTROS CREDITOS,04-OTROS CREDITOS,Gtos Bcrios Norfork Nacion 08-2026,39,8,2026-08-31,1360605.71,0.0,0.0,1360605.71,SI
1357,2,1280,,02-GASTOS DE ESTRUCUTURA,02-GASTOS DE ESTRUCUTURA,Gtos Bcrios Norfork Nacion 08-2026,39,8,2026-08-31,1528255.0,0.0,0.0,1528255.0,SI
1358,2,1275,,02-GASTOS DE ESTRUCUTURA,02-GASTOS DE ESTRUCUTURA,Gtos Bcrios Norfork Nacion 08-2026,39,8,2026-08-31,205.8,0.0,0.0,205.8,SI
1359,2,29,,04-OTROS CREDITOS,04-OTROS CREDITOS,Gtos Bcrios Norfork Nacion 08-2026,39,8,2026-08-31,2301204.75,0.0,0.0,2301204.75,SI
1360,2,23,,04-OTROS CREDITOS,04-OTROS CREDITOS,Gtos Bcrios Norfork Nacion 08-2026,39,8,2026-08-31,45779.85,0.0,0.0,45779.85,SI
1361,2,24,,04-OTROS CREDITOS,04-OTROS CREDITOS,Gtos Bcrios Norfork Nacion 08-2026,39,8,2026-08-31,321281.37,0.0,0.0,321281.37,SI
1362,2,4,44,01-DISPONIBILIDADES,01-DISPONIBILIDADES,Gtos Bcrios Norfork Nacion 08-2026,39,8,2026-08-31,0.0,-5560644.99,-5560644.99,0.0,SI
1363,2,4,41,01-DISPONIBILIDADES,01-DISPONIBILIDADES,Redondeo por FCI Norfork BBVA 08xxxx2026,40,3,2026-08-31,0.06,0.0,0.0,0.06,SI
1364,2,3855,,02-GASTOS DE ESTRUCUTURA,02-GASTOS DE ESTRUCUTURA,Redondeo por FCI Norfork BBVA 08xxxx2026,40,3,2026-08-31,0.0,-0.06,-0.06,0.0,SI
1365,2,149,469,04-OTROS CREDITOS,04-OTROS CREDITOS,Gtos TC BBVA Wercolich - Vto 07xxxx09xxxx2026,41,2,2026-08-31,297025.71,0.0,0.0,297025.71,SI
1366,2,1235,,02-GASTOS DE ESTRUCUTURA,02-GASTOS DE ESTRUCUTURA,AP. REDES SOC.(TRANSF. A.W),41,4,2026-08-31,150000.0,0.0,0.0,150000.0,SI
1367,2,1236,,02-GASTOS DE ESTRUCUTURA,02-GASTOS DE ESTRUCUTURA,Gtos con TC BBVA Norfork - Vto 07xxxx09xxxx2026,41,5,2026-08-31,0.0,-239158.81,-239158.81,0.0,SI
1368,2,1262,,02-GASTOS DE ESTRUCUTURA,02-GASTOS DE ESTRUCUTURA,Gtos con TC BBVA Norfork - Vto 07xxxx09xxxx2026,41,5,2026-08-31,0.0,-351047.92,-351047.92,0.0,SI
1369,2,1260,,02-GASTOS DE ESTRUCUTURA,02-GASTOS DE ESTRUCUTURA,Gtos con TC BBVA Norfork - Vto 07xxxx09xxxx2026,41,5,2026-08-31,0.0,-421121.05,-421121.05,0.0,SI
1370,2,149,469,04-OTROS CREDITOS,04-OTROS CREDITOS,Gtos con TC BBVA Norfork - Vto 07xxxx09xxxx2026,41,6,2026-08-31,590206.73,0.0,0.0,590206.73,SI
1371,2,149,470,04-OTROS CREDITOS,04-OTROS CREDITOS,Gtos con TC BBVA Norfork - Vto 07xxxx09xxxx2026,41,6,2026-08-31,1477339.52,0.0,0.0,1477339.52,SI
1372,2,3600,,01-DISPONIBILIDADES,01-DISPONIBILIDADES,Gtos con TC BBVA Norfork - Vto 07xxxx09xxxx2026,41,6,2026-08-31,0.0,-590206.73,-590206.73,0.0,SI
1373,2,3600,,01-DISPONIBILIDADES,01-DISPONIBILIDADES,Alquileres Varios - Agosto 2026,41,14,2026-08-31,48821185.59,0.0,0.0,48821185.59,SI
1374,2,147,472,04-OTROS CREDITOS,04-OTROS CREDITOS,Alquileres Varios - Agosto 2026,41,14,2026-08-31,0.0,-4488931.34,-4488931.34,0.0,SI
1375,2,147,470,04-OTROS CREDITOS,04-OTROS CREDITOS,Alquileres Varios - Agosto 2026,41,14,2026-08-31,0.0,-18570172.54,-18570172.54,0.0,SI
1376,2,147,469,04-OTROS CREDITOS,04-OTROS CREDITOS,Alquileres Varios - Agosto 2026,41,14,2026-08-31,0.0,-25762081.71,-25762081.71,0.0,SI
1377,2,3600,,01-DISPONIBILIDADES,01-DISPONIBILIDADES,Alquileres Maipu y Laprida SOCIOS - Agosto 2026,41,16,2026-08-31,2134000.0,0.0,0.0,2134000.0,SI
1378,2,147,469,04-OTROS CREDITOS,04-OTROS CREDITOS,Alquileres Maipu y Laprida SOCIOS - Agosto 2026,41,16,2026-08-31,0.0,-1094315.2,-1094315.2,0.0,SI
1379,2,147,470,04-OTROS CREDITOS,04-OTROS CREDITOS,Alquileres Maipu y Laprida SOCIOS - Agosto 2026,41,16,2026-08-31,0.0,-1039684.8,-1039684.8,0.0,SI
1380,2,1251,,02-GASTOS DE ESTRUCUTURA,02-GASTOS DE ESTRUCUTURA,Carpetas inmobiliaria WCL - Rend. Marcelo 31xxxx08xxxx2026,43,1,2026-08-31,270000.0,0.0,0.0,270000.0,SI
1381,2,3855,,02-GASTOS DE ESTRUCUTURA,02-GASTOS DE ESTRUCUTURA,Rend. Marcelo 31xxxx08xxxx2026,43,1,2026-08-31,0.0,-25.01,-25.01,0.0,SI
